# This file uses centimeters as units for non-parametric coordinates.

mtllib fishing rod.mtl
g default
v -3.884202 0.435766 0.033254
v -3.883670 0.454710 0.035501
v -3.883283 0.462233 0.053036
v -3.883421 0.450810 0.068324
v -3.883956 0.431866 0.066077
v -3.884346 0.424344 0.048542
v -3.877763 0.435594 0.033185
v -3.877235 0.454538 0.035432
v -3.876845 0.462060 0.052967
v -3.876986 0.450638 0.068255
v -3.877521 0.431694 0.066008
v -3.877908 0.424172 0.048473
v -3.883811 0.443288 0.050789
v -3.877373 0.443116 0.050720
v -3.883433 0.487945 -0.025218
v -3.883133 0.498772 -0.023934
v -3.876694 0.498599 -0.024003
v -3.877001 0.487773 -0.025287
v -3.882906 0.503070 -0.013912
v -3.876471 0.502898 -0.013982
v -3.883460 1.493141 -0.285435
v -3.880730 1.495481 -0.279658
v -3.883209 1.497960 -0.273825
v -3.889437 1.499127 -0.271353
v -3.895774 1.498297 -0.273690
v -3.898503 1.495958 -0.279467
v -3.896028 1.493478 -0.285300
v -3.889796 1.492312 -0.287772
v -3.882986 1.489629 -0.284588
v -3.880019 1.492175 -0.278302
v -3.882713 1.494873 -0.271954
v -3.889491 1.496143 -0.269264
v -3.896390 1.495239 -0.271807
v -3.899361 1.492693 -0.278094
v -3.896663 1.489995 -0.284441
v -3.889885 1.488726 -0.287132
v -3.881903 1.489174 -0.285625
v -3.878448 1.492133 -0.278319
v -3.881582 1.495269 -0.270942
v -3.889463 1.496744 -0.267815
v -3.897473 1.495694 -0.270771
v -3.900929 1.492735 -0.278077
v -3.897795 1.489600 -0.285454
v -3.889914 1.488125 -0.288581
v -3.881287 1.492231 -0.287508
v -3.877593 1.495397 -0.279692
v -3.880943 1.498751 -0.271800
v -3.889374 1.500329 -0.268456
v -3.897947 1.499207 -0.271618
v -3.901640 1.496041 -0.279434
v -3.898290 1.492687 -0.287325
v -3.889856 1.491108 -0.290670
v -3.881753 1.495744 -0.288355
v -3.878304 1.498703 -0.281049
v -3.881435 1.501839 -0.273672
v -3.889316 1.503315 -0.270545
v -3.897330 1.502264 -0.273501
v -3.900783 1.499305 -0.280807
v -3.897651 1.496170 -0.288184
v -3.889770 1.494694 -0.291311
v -3.882843 1.496199 -0.287319
v -3.879876 1.498745 -0.281032
v -3.882567 1.501445 -0.274684
v -3.889345 1.502713 -0.271994
v -3.896247 1.501809 -0.274537
v -3.899214 1.499265 -0.280824
v -3.896523 1.496565 -0.287172
v -3.889739 1.495296 -0.289862
v -3.889483 1.193099 -0.168879
v -3.886428 1.195497 -0.162316
v -3.889208 1.198053 -0.155691
v -3.896194 1.199268 -0.152884
v -3.903293 1.198431 -0.155540
v -3.906344 1.196031 -0.162102
v -3.903565 1.193475 -0.168727
v -3.896585 1.192261 -0.171534
v -3.888949 1.189533 -0.168214
v -3.885626 1.192145 -0.161073
v -3.888647 1.194926 -0.153863
v -3.896252 1.196248 -0.150809
v -3.903978 1.195336 -0.153698
v -3.907301 1.192725 -0.160840
v -3.904276 1.189944 -0.168050
v -3.896673 1.188622 -0.171104
v -3.887731 1.189063 -0.169391
v -3.883868 1.192097 -0.161092
v -3.887384 1.195330 -0.152713
v -3.896215 1.196866 -0.149163
v -3.905196 1.195807 -0.152521
v -3.909062 1.192773 -0.160821
v -3.905547 1.189540 -0.169200
v -3.896709 1.188004 -0.172750
v -3.887046 1.192158 -0.171232
v -3.882914 1.195404 -0.162354
v -3.886674 1.198861 -0.153391
v -3.896125 1.200505 -0.149593
v -3.905730 1.199371 -0.153185
v -3.909862 1.196125 -0.162064
v -3.906101 1.192668 -0.171028
v -3.896647 1.191025 -0.174825
v -3.887579 1.195723 -0.171896
v -3.883716 1.198757 -0.163597
v -3.887229 1.201988 -0.155218
v -3.896063 1.203525 -0.151668
v -3.905045 1.202466 -0.155026
v -3.908907 1.199432 -0.163326
v -3.905392 1.196199 -0.171705
v -3.896561 1.194663 -0.175255
v -3.888798 1.196193 -0.170719
v -3.885474 1.198803 -0.163578
v -3.888499 1.201585 -0.156368
v -3.896097 1.202906 -0.153313
v -3.903826 1.201995 -0.156203
v -3.907150 1.199384 -0.163345
v -3.904125 1.196603 -0.170555
v -3.896523 1.195282 -0.173609
v -3.902377 0.589653 -0.013390
v -3.898676 0.590924 -0.004902
v -3.902124 0.592386 0.003663
v -3.910706 0.593184 0.007287
v -3.919392 0.592848 0.003848
v -3.923092 0.591577 -0.004639
v -3.919645 0.590115 -0.013204
v -3.911066 0.589318 -0.016829
v -3.901718 0.586000 -0.013586
v -3.897687 0.587383 -0.004349
v -3.901439 0.588974 0.004971
v -3.910775 0.589842 0.008915
v -3.920227 0.589477 0.005173
v -3.924257 0.588094 -0.004063
v -3.920506 0.586503 -0.013384
v -3.911170 0.585635 -0.017328
v -3.900217 0.585718 -0.015107
v -3.895533 0.587325 -0.004373
v -3.899893 0.589175 0.006459
v -3.910743 0.590183 0.011043
v -3.921727 0.589759 0.006694
v -3.926412 0.588152 -0.004040
v -3.922052 0.586302 -0.014872
v -3.911205 0.585294 -0.019456
v -3.899382 0.589089 -0.016432
v -3.894368 0.590808 -0.004948
v -3.899029 0.592787 0.006639
v -3.910639 0.593865 0.011543
v -3.922387 0.593412 0.006890
v -3.927401 0.591693 -0.004593
v -3.922737 0.589714 -0.016181
v -3.911130 0.588635 -0.021084
v -3.900043 0.592741 -0.016235
v -3.895360 0.594349 -0.005501
v -3.899714 0.596199 0.005330
v -3.910564 0.597207 0.009914
v -3.921551 0.596783 0.005565
v -3.926236 0.595176 -0.005169
v -3.921876 0.593326 -0.016001
v -3.911026 0.592318 -0.020585
v -3.901542 0.593024 -0.014715
v -3.897511 0.594407 -0.005478
v -3.901263 0.595998 0.003842
v -3.910599 0.596866 0.007786
v -3.920051 0.596501 0.004045
v -3.924085 0.595118 -0.005192
v -3.920330 0.593527 -0.014512
v -3.910994 0.592659 -0.018457
v -3.877512 0.488617 -0.021753
v -3.877296 0.496300 -0.020842
v -3.877138 0.499352 -0.013730
v -3.877194 0.494718 -0.007529
v -3.877411 0.487035 -0.008440
v -3.877570 0.483984 -0.015553
v -3.840999 0.487639 -0.022146
v -3.840777 0.495322 -0.021235
v -3.840622 0.498373 -0.014123
v -3.840679 0.493741 -0.007922
v -3.840898 0.486057 -0.008833
v -3.841050 0.483006 -0.015945
v -3.877354 0.491668 -0.014641
v -3.838910 0.488487 -0.020065
v -3.838755 0.493898 -0.019423
v -3.838798 0.490635 -0.015056
v -3.838650 0.496046 -0.014414
v -3.838687 0.492784 -0.010047
v -3.838839 0.487373 -0.010689
v -3.838947 0.485224 -0.015698
v -3.896761 0.884539 -0.077275
v -3.893726 0.886262 -0.070496
v -3.896518 0.888141 -0.063655
v -3.903510 0.889075 -0.060758
v -3.910600 0.888517 -0.063503
v -3.913644 0.886795 -0.070282
v -3.910846 0.884916 -0.077123
v -3.903854 0.883982 -0.080020
v -3.896233 0.880925 -0.076972
v -3.892926 0.882799 -0.069595
v -3.895969 0.884844 -0.062150
v -3.903574 0.885861 -0.058998
v -3.911299 0.885255 -0.061985
v -3.914599 0.883380 -0.069362
v -3.911557 0.881336 -0.076807
v -3.903952 0.880319 -0.079959
v -3.895008 0.880574 -0.078187
v -3.891169 0.882753 -0.069614
v -3.894708 0.885129 -0.060961
v -3.903544 0.886310 -0.057298
v -3.912517 0.885606 -0.060770
v -3.916360 0.883427 -0.069343
v -3.912824 0.881051 -0.077995
v -3.903985 0.879869 -0.081658
v -3.894319 0.883837 -0.079705
v -3.890208 0.886167 -0.070534
v -3.893993 0.888709 -0.061278
v -3.903450 0.889974 -0.057359
v -3.913045 0.889220 -0.061073
v -3.917156 0.886889 -0.070244
v -3.913374 0.884347 -0.079500
v -3.903914 0.883083 -0.083419
v -3.894850 0.887452 -0.080008
v -3.891004 0.889630 -0.071435
v -3.894540 0.892006 -0.062782
v -3.903386 0.893188 -0.059119
v -3.912353 0.892483 -0.062591
v -3.916195 0.890304 -0.071164
v -3.912660 0.887928 -0.079816
v -3.903814 0.886746 -0.083480
v -3.896068 0.887803 -0.078793
v -3.892759 0.889677 -0.071416
v -3.895804 0.891722 -0.063971
v -3.903413 0.892738 -0.060819
v -3.911131 0.892132 -0.063807
v -3.914438 0.890258 -0.071183
v -3.911396 0.888213 -0.078628
v -3.903787 0.887196 -0.081780
v -3.898068 0.439844 0.042034
v -3.897792 0.449466 0.043175
v -3.897597 0.453287 0.052082
v -3.897672 0.447485 0.059847
v -3.897939 0.437863 0.058705
v -3.898140 0.434043 0.049799
v -3.882237 0.439420 0.041864
v -3.881967 0.449042 0.043005
v -3.881769 0.452863 0.051911
v -3.881838 0.447061 0.059676
v -3.882114 0.437440 0.058535
v -3.882309 0.433619 0.049629
v -3.897867 0.443665 0.050940
v -3.882036 0.443241 0.050770
v -3.899525 0.195146 0.027069
v -3.899826 0.193928 0.002141
v -3.921584 0.193899 -0.010091
v -3.943040 0.195086 0.002606
v -3.942743 0.196303 0.027534
v -3.920982 0.196333 0.039766
v -3.897680 0.440270 0.004193
v -3.897949 0.437975 -0.015473
v -3.915227 0.437286 -0.025121
v -3.932231 0.438893 -0.015104
v -3.931961 0.441188 0.004561
v -3.914681 0.441877 0.014210
v -3.899525 0.195146 0.027069
v -3.899826 0.193928 0.002141
v -3.921584 0.193899 -0.010091
v -3.943040 0.195086 0.002606
v -3.942743 0.196303 0.027534
v -3.920982 0.196333 0.039766
v -3.906887 0.175780 0.024117
v -3.907090 0.175037 0.007035
v -3.921994 0.175062 -0.001346
v -3.936697 0.175830 0.007354
v -3.936492 0.176573 0.024435
v -3.921590 0.176548 0.032817
v -3.896684 0.479111 -0.000566
v -3.896969 0.476605 -0.020205
v -3.914247 0.475811 -0.029841
v -3.931247 0.477524 -0.019837
v -3.930969 0.480030 -0.000197
v -3.913689 0.480824 0.009438
v -3.901435 0.481099 -0.003528
v -3.901639 0.479281 -0.017707
v -3.914113 0.478703 -0.024663
v -3.926391 0.479944 -0.017440
v -3.926190 0.481762 -0.003261
v -3.913713 0.482340 0.003695
v -3.876939 1.843331 -0.469118
v -3.877078 1.840203 -0.474520
v -3.882554 1.838782 -0.477162
v -3.887892 1.840492 -0.474403
v -3.887747 1.843620 -0.469002
v -3.882274 1.845041 -0.466359
v -3.880499 1.867306 -0.485731
v -3.880536 1.866493 -0.487109
v -3.881936 1.866124 -0.487783
v -3.883306 1.866568 -0.487079
v -3.883266 1.867380 -0.485701
v -3.881859 1.867750 -0.485027
v -3.905611 1.186073 -0.168271
v -3.905803 1.182782 -0.177997
v -3.897009 1.180898 -0.182957
v -3.888019 1.182305 -0.178189
v -3.887829 1.185597 -0.168462
v -3.896620 1.187481 -0.163503
v -3.915802 0.835300 -0.080223
v -3.905270 0.833633 -0.086321
v -3.894535 0.834730 -0.080452
v -3.894333 0.837493 -0.068485
v -3.904865 0.839159 -0.062387
v -3.915599 0.838063 -0.068256
v -3.896477 1.518955 -0.309818
v -3.889412 1.517059 -0.313655
v -3.882181 1.518571 -0.309972
v -3.882009 1.521981 -0.302454
v -3.889071 1.523876 -0.298617
v -3.896305 1.522363 -0.302300
v -3.891929 1.685073 -0.381663
v -3.892083 1.681756 -0.388109
v -3.885886 1.679928 -0.391399
v -3.879530 1.681419 -0.388244
v -3.879375 1.684736 -0.381798
v -3.885570 1.686563 -0.378508
v -3.901051 1.352493 -0.239725
v -3.893123 1.350578 -0.244119
v -3.885013 1.352063 -0.239898
v -3.884824 1.355463 -0.231282
v -3.892752 1.357379 -0.226889
v -3.900866 1.355893 -0.231110
v -3.910525 1.013321 -0.113941
v -3.910724 1.010242 -0.124787
v -3.901062 1.008441 -0.130316
v -3.891200 1.009719 -0.124997
v -3.890998 1.012798 -0.114151
v -3.900663 1.014599 -0.108623
v -3.898018 0.657772 -0.044660
v -3.897814 0.660114 -0.031579
v -3.909214 0.661593 -0.024915
v -3.920823 0.660731 -0.031332
v -3.921027 0.658388 -0.044412
v -3.909627 0.656909 -0.051076
v -3.933276 0.423485 0.088708
v -3.933255 0.427159 0.082172
v -3.926065 0.428803 0.078827
v -3.918907 0.426775 0.082018
v -3.918936 0.423101 0.088554
v -3.926122 0.421456 0.091899
v -3.933031 0.404785 0.067883
v -3.932878 0.411676 0.064934
v -3.925629 0.414930 0.063382
v -3.918534 0.411292 0.064780
v -3.918687 0.404401 0.067729
v -3.925935 0.401147 0.069281
v -3.932416 0.402614 0.039985
v -3.932202 0.409875 0.041841
v -3.924922 0.413313 0.042692
v -3.917857 0.409491 0.041687
v -3.918069 0.402230 0.039831
v -3.925351 0.398791 0.038980
v -3.931287 0.417859 0.016539
v -3.931099 0.422488 0.022433
v -3.923833 0.424611 0.025303
v -3.916755 0.422104 0.022279
v -3.916943 0.417474 0.016384
v -3.924206 0.415352 0.013514
v -3.929708 0.444208 0.007230
v -3.929625 0.444293 0.014726
v -3.922411 0.444143 0.018398
v -3.915281 0.443908 0.014572
v -3.915364 0.443824 0.007076
v -3.922580 0.443973 0.003405
v -3.927930 0.470760 0.015902
v -3.927989 0.466266 0.021903
v -3.920845 0.463826 0.024826
v -3.913645 0.465881 0.021748
v -3.913586 0.470376 0.015748
v -3.920727 0.472816 0.012824
v -3.926286 0.486532 0.038966
v -3.926458 0.479315 0.040991
v -3.919372 0.475514 0.041926
v -3.912114 0.478931 0.040837
v -3.911942 0.486148 0.038812
v -3.919028 0.489948 0.037877
v -3.925054 0.484994 0.066887
v -3.925270 0.478037 0.064098
v -3.918206 0.474367 0.062627
v -3.910926 0.477653 0.063944
v -3.910706 0.484609 0.066732
v -3.917777 0.488280 0.068204
v -3.924340 0.466770 0.088119
v -3.924512 0.462949 0.081670
v -3.917425 0.460847 0.078368
v -3.910168 0.462565 0.081516
v -3.909996 0.466386 0.087964
v -3.917083 0.468488 0.091266
v -3.924042 0.439382 0.093883
v -3.924095 0.440276 0.086440
v -3.916950 0.440531 0.082641
v -3.909750 0.439892 0.086285
v -3.909697 0.438998 0.093729
v -3.916838 0.438743 0.097528
v -3.923875 0.414139 0.081794
v -3.923789 0.419378 0.076432
v -3.916575 0.421806 0.073673
v -3.909445 0.418994 0.076277
v -3.909527 0.413755 0.081640
v -3.916741 0.411327 0.084398
v -3.923506 0.401462 0.056843
v -3.923319 0.408881 0.055778
v -3.916053 0.412398 0.055168
v -3.908974 0.408497 0.055623
v -3.909162 0.401077 0.056688
v -3.916427 0.397560 0.057298
v -3.922691 0.406580 0.029337
v -3.922477 0.413112 0.033010
v -3.915201 0.416187 0.034769
v -3.908132 0.412728 0.032856
v -3.908347 0.406196 0.029183
v -3.915626 0.403121 0.027423
v -3.921362 0.427367 0.010641
v -3.921213 0.430313 0.017534
v -3.913964 0.431594 0.020903
v -3.906869 0.429929 0.017379
v -3.907018 0.426982 0.010487
v -3.914267 0.425701 0.007117
v -3.919666 0.455221 0.008477
v -3.919638 0.453363 0.015741
v -3.912452 0.452242 0.019295
v -3.905294 0.452979 0.015586
v -3.905319 0.454837 0.008322
v -3.912508 0.455958 0.004768
v -3.917902 0.478619 0.023735
v -3.918010 0.472725 0.028368
v -3.910895 0.469586 0.030607
v -3.903666 0.472341 0.028213
v -3.903558 0.478236 0.023581
v -3.910676 0.481374 0.021341
v -3.916399 0.487881 0.050105
v -3.916597 0.480387 0.050192
v -3.909525 0.476447 0.050158
v -3.902253 0.480003 0.050038
v -3.902057 0.487497 0.049950
v -3.909125 0.491436 0.049984
v -3.915371 0.479168 0.076684
v -3.915577 0.473170 0.072189
v -3.908516 0.469979 0.069865
v -3.901233 0.472786 0.072035
v -3.901027 0.478783 0.076529
v -3.908092 0.481974 0.078854
v -3.914850 0.456069 0.092482
v -3.914979 0.454047 0.085264
v -3.907876 0.452845 0.081577
v -3.900634 0.453663 0.085109
v -3.900506 0.455685 0.092328
v -3.907609 0.456888 0.096014
v -3.914638 0.428121 0.090967
v -3.914638 0.430911 0.084007
v -3.907470 0.432114 0.080451
v -3.900294 0.430527 0.083853
v -3.900294 0.427737 0.090813
v -3.907466 0.426534 0.094369
v -3.914430 0.406864 0.072759
v -3.914302 0.413312 0.068936
v -3.907061 0.416344 0.066947
v -3.899958 0.412928 0.068781
v -3.900086 0.406480 0.072605
v -3.907324 0.403448 0.074594
v -3.913903 0.401072 0.045381
v -3.913701 0.408514 0.046273
v -3.906418 0.412042 0.046642
v -3.899357 0.408130 0.046119
v -3.899562 0.400688 0.045226
v -3.906839 0.397160 0.044857
v -3.912879 0.413129 0.020142
v -3.912682 0.418488 0.025381
v -3.905407 0.420976 0.027924
v -3.898338 0.418104 0.025227
v -3.898534 0.412745 0.019988
v -3.905810 0.410257 0.017445
v -3.911378 0.438040 0.007469
v -3.911269 0.439102 0.014890
v -3.904043 0.439441 0.018524
v -3.896925 0.438718 0.014736
v -3.897033 0.437656 0.007315
v -3.904260 0.437317 0.003682
v -3.909617 0.465499 0.012597
v -3.909642 0.461826 0.019132
v -3.902484 0.459797 0.022323
v -3.895298 0.461441 0.018978
v -3.895269 0.465115 0.012442
v -3.902424 0.467144 0.009252
v -3.937204 0.398273 0.036468
v -3.936863 0.422394 0.007999
v -3.935899 0.459570 0.004923
v -3.934880 0.488024 0.029042
v -3.934398 0.491088 0.066228
v -3.934731 0.466967 0.094698
v -3.935694 0.429791 0.097774
v -3.936715 0.401337 0.073654
v -3.894053 0.397118 0.036004
v -3.893717 0.421238 0.007535
v -3.892751 0.458414 0.004459
v -3.891730 0.486868 0.028578
v -3.891248 0.489932 0.065764
v -3.891591 0.465812 0.094234
v -3.892550 0.428636 0.097310
v -3.893572 0.400182 0.073190
v -3.928013 0.404130 0.038327
v -3.927715 0.425081 0.013598
v -3.902577 0.424408 0.013328
v -3.902873 0.403457 0.038056
v -3.926885 0.457372 0.010927
v -3.901744 0.456699 0.010656
v -3.925991 0.482087 0.031877
v -3.900854 0.481413 0.031606
v -3.925576 0.484748 0.064176
v -3.900435 0.484075 0.063906
v -3.925871 0.463798 0.088904
v -3.900730 0.463124 0.088634
v -3.926710 0.431507 0.091576
v -3.901566 0.430834 0.091306
v -3.927594 0.406792 0.070626
v -3.902454 0.406119 0.070356
v -3.931571 0.398122 0.036408
v -3.931231 0.422243 0.007938
v -3.924448 0.424994 0.013563
v -3.924743 0.404043 0.038292
v -3.930269 0.459419 0.004862
v -3.923609 0.457284 0.010891
v -3.929250 0.487873 0.028982
v -3.922725 0.481999 0.031841
v -3.928765 0.490937 0.066168
v -3.922306 0.484661 0.064141
v -3.929108 0.466817 0.094637
v -3.922604 0.463710 0.088869
v -3.930064 0.429641 0.097713
v -3.923437 0.431419 0.091541
v -3.931089 0.401187 0.073594
v -3.924324 0.406705 0.070591
v -3.899680 0.397268 0.036065
v -3.899347 0.421389 0.007595
v -3.906142 0.403545 0.038092
v -3.905850 0.424496 0.013363
v -3.898381 0.458565 0.004519
v -3.905011 0.456786 0.010691
v -3.897356 0.487019 0.028639
v -3.904121 0.481501 0.031641
v -3.896877 0.490083 0.065825
v -3.903702 0.484163 0.063941
v -3.897217 0.465963 0.094294
v -3.904004 0.463212 0.088669
v -3.898180 0.428787 0.097370
v -3.904836 0.430921 0.091341
v -3.899198 0.400333 0.073251
v -3.905724 0.406207 0.070391
v -3.939135 0.400367 0.037144
v -3.938814 0.423427 0.009926
v -3.937887 0.458968 0.006985
v -3.936914 0.486172 0.030044
v -3.936453 0.489101 0.065596
v -3.936774 0.466041 0.092814
v -3.937701 0.430500 0.095754
v -3.938675 0.403296 0.072695
v -3.891995 0.399104 0.036637
v -3.891671 0.422164 0.009419
v -3.890754 0.457706 0.006478
v -3.889774 0.484909 0.029537
v -3.889313 0.487839 0.065089
v -3.889641 0.464779 0.092307
v -3.890558 0.429237 0.095247
v -3.891531 0.402034 0.072188
v -3.936933 0.485622 0.029579
v -3.939125 0.400867 0.036553
v -3.882445 1.692124 -0.379620
v -3.879994 1.694960 -0.374843
v -3.882186 1.697922 -0.370017
v -3.887740 1.699275 -0.367968
v -3.893399 1.698222 -0.369896
v -3.895856 1.695386 -0.374672
v -3.893659 1.692424 -0.379499
v -3.888105 1.691073 -0.381548
v -3.882024 1.688796 -0.378232
v -3.879356 1.691884 -0.373034
v -3.881742 1.695107 -0.367782
v -3.887786 1.696578 -0.365553
v -3.893946 1.695434 -0.367651
v -3.896611 1.692345 -0.372848
v -3.894228 1.689123 -0.378101
v -3.888184 1.687652 -0.380330
v -3.881057 1.688258 -0.379090
v -3.877956 1.691846 -0.373049
v -3.880730 1.695592 -0.366946
v -3.887754 1.697301 -0.364353
v -3.894910 1.695971 -0.366793
v -3.898014 1.692383 -0.372834
v -3.895244 1.688638 -0.378937
v -3.888217 1.686927 -0.381529
v -3.880514 1.691047 -0.381335
v -3.877191 1.694886 -0.374873
v -3.880158 1.698894 -0.368344
v -3.887675 1.700721 -0.365571
v -3.895337 1.699299 -0.368180
v -3.898651 1.695459 -0.374642
v -3.895684 1.691454 -0.381172
v -3.888170 1.689626 -0.383945
v -3.880932 1.694376 -0.382723
v -3.877830 1.697963 -0.376682
v -3.880605 1.701710 -0.370578
v -3.887626 1.703417 -0.367987
v -3.894788 1.702088 -0.370426
v -3.897886 1.698500 -0.376466
v -3.895118 1.694754 -0.382570
v -3.888092 1.693046 -0.385162
v -3.881899 1.694913 -0.381865
v -3.879231 1.698000 -0.376667
v -3.881618 1.701224 -0.371415
v -3.887658 1.702694 -0.369185
v -3.893822 1.701550 -0.371284
v -3.896490 1.698463 -0.376482
v -3.894103 1.695241 -0.381734
v -3.888059 1.693769 -0.383964
v -3.879277 1.845144 -0.465843
v -3.876804 1.849122 -0.462004
v -3.878975 1.853221 -0.458116
v -3.884523 1.855045 -0.456455
v -3.890189 1.853522 -0.457995
v -3.892658 1.849546 -0.461834
v -3.890489 1.845445 -0.465723
v -3.884943 1.843622 -0.467383
v -3.878816 1.843303 -0.464674
v -3.876125 1.847630 -0.460496
v -3.878490 1.852093 -0.456265
v -3.884524 1.854077 -0.454457
v -3.890694 1.852420 -0.456133
v -3.893384 1.848093 -0.460311
v -3.891016 1.843631 -0.464543
v -3.884985 1.841646 -0.466350
v -3.877852 1.842565 -0.465367
v -3.874726 1.847593 -0.460512
v -3.877474 1.852779 -0.455594
v -3.884490 1.855084 -0.453493
v -3.891657 1.853159 -0.455442
v -3.894784 1.848130 -0.460296
v -3.892035 1.842944 -0.465214
v -3.885022 1.840640 -0.467315
v -3.877348 1.843666 -0.467228
v -3.874000 1.849046 -0.462034
v -3.876943 1.854594 -0.456773
v -3.884445 1.857060 -0.454526
v -3.892115 1.855000 -0.456610
v -3.895461 1.849621 -0.461804
v -3.892520 1.844072 -0.467065
v -3.885018 1.841606 -0.469312
v -3.877803 1.845508 -0.468397
v -3.874680 1.850536 -0.463542
v -3.877428 1.855722 -0.458624
v -3.884444 1.858028 -0.456524
v -3.891611 1.856102 -0.458472
v -3.894738 1.851073 -0.463326
v -3.891993 1.845887 -0.468245
v -3.884980 1.843582 -0.470345
v -3.878773 1.846246 -0.467705
v -3.876079 1.850574 -0.463527
v -3.878443 1.855036 -0.459295
v -3.884478 1.857020 -0.457488
v -3.890651 1.855363 -0.459164
v -3.893338 1.851036 -0.463341
v -3.890977 1.846573 -0.467573
v -3.884939 1.844590 -0.469381
v -3.917279 0.468386 0.019774
v -3.911654 0.468235 0.019714
v -3.911736 0.467347 0.014157
v -3.917363 0.467497 0.014218
v -3.914449 0.468494 0.020895
v -3.910527 0.467760 0.016923
v -3.914567 0.467238 0.013037
v -3.918483 0.467973 0.017008
v -3.914505 0.467866 0.016966
v -3.915588 0.582422 0.001180
v -3.914556 0.623462 -0.004777
v -3.912338 0.707663 -0.008237
v -3.909692 0.819495 -0.040703
v -3.908079 0.891294 -0.069718
v -3.906125 0.968497 -0.079888
v -3.903508 1.077320 -0.107992
v -3.901496 1.168629 -0.148015
v -3.899781 1.242466 -0.172514
v -3.897334 1.344101 -0.198152
v -3.894964 1.454536 -0.252617
v -3.893515 1.523727 -0.289901
v -3.891191 1.622733 -0.320674
v -3.889864 1.691626 -0.369041
v -3.888654 1.749592 -0.400622
v -3.886640 1.851478 -0.467057
v -3.914384 0.582776 0.003954
v -3.913350 0.623834 -0.002005
v -3.911140 0.707747 -0.005438
v -3.908477 0.820247 -0.038013
v -3.906861 0.892316 -0.067122
v -3.904918 0.968832 -0.077110
v -3.902298 1.077992 -0.105280
v -3.900273 1.169726 -0.145451
v -3.898563 1.243320 -0.169856
v -3.896123 1.344756 -0.195436
v -3.893740 1.455747 -0.250106
v -3.892284 1.525028 -0.287436
v -3.889978 1.623534 -0.317999
v -3.888630 1.693210 -0.366751
v -3.887428 1.750905 -0.398164
v -3.885408 1.852983 -0.464712
v -3.911553 0.582860 0.005078
v -3.910522 0.623925 -0.000882
v -3.908313 0.707719 -0.004304
v -3.905644 0.820496 -0.036924
v -3.904024 0.892677 -0.066072
v -3.902091 0.968908 -0.075985
v -3.899466 1.078208 -0.104182
v -3.897438 1.170118 -0.144414
v -3.895730 1.243611 -0.168780
v -3.893292 1.344966 -0.194337
v -3.890897 1.456188 -0.249091
v -3.889449 1.525506 -0.286441
v -3.887140 1.623806 -0.316917
v -3.885792 1.693803 -0.365827
v -3.884587 1.751388 -0.397171
v -3.882568 1.853543 -0.463766
v -3.882662 1.851372 -0.467100
v -3.908760 0.582625 0.003894
v -3.907725 0.623683 -0.002065
v -3.905513 0.707596 -0.005498
v -3.902853 0.820096 -0.038073
v -3.901233 0.892165 -0.067183
v -3.899293 0.968681 -0.077171
v -3.896670 1.077841 -0.105340
v -3.894648 1.169575 -0.145511
v -3.892939 1.243169 -0.169916
v -3.890497 1.344606 -0.195497
v -3.888113 1.455596 -0.250166
v -3.886659 1.524878 -0.287497
v -3.884350 1.623385 -0.318060
v -3.883007 1.693058 -0.366811
v -3.881801 1.750755 -0.398225
v -3.879783 1.852832 -0.464773
v -3.907634 0.582209 0.001094
v -3.906604 0.623249 -0.004862
v -3.904383 0.707450 -0.008322
v -3.901738 0.819282 -0.040788
v -3.900123 0.891081 -0.069804
v -3.898171 0.968284 -0.079973
v -3.895552 1.077108 -0.108077
v -3.893542 1.168416 -0.148101
v -3.891830 1.242254 -0.172600
v -3.889382 1.343887 -0.198237
v -3.887010 1.454322 -0.252702
v -3.885557 1.523514 -0.289987
v -3.883236 1.622520 -0.320760
v -3.881909 1.691412 -0.369127
v -3.880698 1.749379 -0.400709
v -3.878684 1.851265 -0.467142
v -3.908841 0.581856 -0.001681
v -3.907809 0.622877 -0.007634
v -3.905583 0.707367 -0.011121
v -3.902954 0.818529 -0.043478
v -3.901344 0.890059 -0.072400
v -3.899373 0.967948 -0.082750
v -3.896769 1.076437 -0.110789
v -3.894763 1.167319 -0.150666
v -3.893047 1.241400 -0.175258
v -3.890593 1.343232 -0.200953
v -3.888233 1.453109 -0.255213
v -3.886785 1.522211 -0.292451
v -3.884455 1.621718 -0.323434
v -3.883144 1.689828 -0.371417
v -3.881926 1.748065 -0.403167
v -3.879917 1.849761 -0.469487
v -3.911670 0.581772 -0.002805
v -3.910632 0.622785 -0.008757
v -3.908409 0.707395 -0.012255
v -3.905787 0.818280 -0.044567
v -3.904183 0.889698 -0.073450
v -3.902205 0.967872 -0.083875
v -3.899603 1.076221 -0.111887
v -3.897600 1.166927 -0.151703
v -3.895878 1.241108 -0.176334
v -3.893424 1.343022 -0.202053
v -3.891070 1.452670 -0.256228
v -3.889621 1.521734 -0.293447
v -3.887286 1.621447 -0.324517
v -3.885985 1.689234 -0.372341
v -3.884764 1.747584 -0.404160
v -3.882757 1.849200 -0.470433
v -3.914466 0.582007 -0.001620
v -3.913433 0.623028 -0.007574
v -3.911208 0.707517 -0.011060
v -3.908579 0.818680 -0.043418
v -3.906971 0.890210 -0.072339
v -3.904998 0.968099 -0.082690
v -3.902394 1.076587 -0.110729
v -3.900387 1.167469 -0.150605
v -3.898671 1.241550 -0.175197
v -3.896219 1.343383 -0.200893
v -3.893857 1.453260 -0.255153
v -3.892409 1.522362 -0.292390
v -3.890078 1.621867 -0.323373
v -3.888768 1.689979 -0.371357
v -3.887551 1.748216 -0.403106
v -3.885541 1.849912 -0.469426
v -3.902456 0.463470 0.015787
vt 0.191253 0.010043
vt 0.215272 0.014489
vt 0.177806 0.250229
vt 0.159883 0.247865
vt 0.239260 0.019049
vt 0.087775 0.244203
vt 0.111026 0.005701
vt 0.106447 0.243956
vt 0.135412 0.005549
vt 0.124485 0.244758
vt 0.159814 0.006340
vt 0.142184 0.246134
vt 0.125140 0.004840
vt 0.125125 0.004821
vt 0.125178 0.004782
vt 0.125152 0.004838
vt 0.125179 0.004825
vt 0.125162 0.004841
vt 0.057462 0.925428
vt 0.057799 0.925279
vt 0.058160 0.925219
vt 0.058530 0.925245
vt 0.058901 0.925252
vt 0.059255 0.925345
vt 0.160034 0.004864
vt 0.160091 0.004859
vt 0.160127 0.004785
vt 0.125087 0.004850
vt 0.125143 0.004862
vt 0.125151 0.004845
vt 0.165640 0.280364
vt 0.152614 0.277847
vt 0.098408 0.278579
vt 0.113207 0.275887
vt 0.126487 0.275616
vt 0.139587 0.276330
vt 0.163462 0.284375
vt 0.151505 0.282244
vt 0.103236 0.280728
vt 0.114666 0.280241
vt 0.126825 0.280150
vt 0.139202 0.280787
vt 0.146136 0.421487
vt 0.136888 0.420490
vt 0.155383 0.422669
vt 0.109088 0.418468
vt 0.118382 0.418981
vt 0.127642 0.419659
vt 0.095101 0.918939
vt 0.096511 0.919041
vt 0.097935 0.919199
vt 0.090884 0.918771
vt 0.092297 0.918806
vt 0.093699 0.918867
vt 0.097378 0.710991
vt 0.101492 0.711178
vt 0.098269 0.776516
vt 0.095209 0.776388
vt 0.117888 0.712557
vt 0.110468 0.777455
vt 0.113789 0.712108
vt 0.107419 0.777151
vt 0.109691 0.711735
vt 0.104370 0.776898
vt 0.105595 0.711427
vt 0.101321 0.776689
vt 0.140006 0.537409
vt 0.104049 0.534303
vt 0.100181 0.631336
vt 0.127601 0.633574
vt 0.132819 0.536536
vt 0.122122 0.632937
vt 0.125636 0.535801
vt 0.116643 0.632405
vt 0.118456 0.535188
vt 0.111167 0.631964
vt 0.111266 0.534686
vt 0.105683 0.631605
vt 0.105023 0.831239
vt 0.093579 0.830533
vt 0.092194 0.876920
vt 0.101028 0.877410
vt 0.102735 0.831040
vt 0.099260 0.877277
vt 0.100447 0.830873
vt 0.097496 0.877164
vt 0.098161 0.830734
vt 0.095729 0.877066
vt 0.095872 0.830620
vt 0.093965 0.876985
vt 0.099761 0.418137
vt 0.096803 0.534055
vt 0.094659 0.631169
vt 0.093251 0.710880
vt 0.092142 0.776310
vt 0.091280 0.830476
vt 0.090422 0.876873
vt 0.089451 0.918792
vt 0.059577 0.925525
vt 0.174624 0.286759
vt 0.179696 0.285535
vt 0.196160 0.253748
vt 0.125132 0.004779
vt 0.125060 0.004773
vt 0.086652 0.005970
vt 0.870708 0.055542
vt 0.874687 0.052482
vt 0.875691 0.070191
vt 0.880710 0.070185
vt 0.870713 0.084852
vt 0.874697 0.087902
vt 0.411489 0.344014
vt 0.437356 0.343774
vt 0.411488 0.318577
vt 0.437353 0.318337
vt 0.411818 0.315826
vt 0.446078 0.296600
vt 0.486799 0.255860
vt 0.503664 0.272728
vt 0.462943 0.313468
vt 0.549241 0.313396
vt 0.549254 0.255794
vt 0.566117 0.272664
vt 0.566111 0.296523
vt 0.407926 0.234009
vt 0.558662 0.233858
vt 0.555910 0.227610
vt 0.575453 0.227304
vt 0.558402 0.215226
vt 0.407668 0.215322
vt 0.413375 0.221488
vt 0.555683 0.221375
vt 0.523973 0.233990
vt 0.525779 0.227723
vt 0.523713 0.215342
vt 0.525552 0.221476
vt 0.497414 0.233826
vt 0.502710 0.227581
vt 0.497154 0.215167
vt 0.502484 0.221323
vt 0.494543 0.233460
vt 0.488834 0.227298
vt 0.494284 0.214802
vt 0.499991 0.221005
vt 0.472042 0.233242
vt 0.469290 0.227107
vt 0.471783 0.214574
vt 0.469065 0.220840
vt 0.437352 0.233307
vt 0.439159 0.227166
vt 0.437094 0.214633
vt 0.438934 0.220888
vt 0.410794 0.233629
vt 0.416091 0.227443
vt 0.410536 0.214942
vt 0.415867 0.221158
vt 0.407941 0.239264
vt 0.558678 0.239113
vt 0.523988 0.239244
vt 0.446079 0.272739
vt 0.497429 0.239080
vt 0.494558 0.238715
vt 0.472057 0.238492
vt 0.437367 0.238561
vt 0.410810 0.238881
vt 0.558389 0.209972
vt 0.580888 0.209628
vt 0.523700 0.210090
vt 0.497141 0.209914
vt 0.494271 0.209550
vt 0.471770 0.209323
vt 0.437080 0.209380
vt 0.446079 0.273257
vt 0.410523 0.209690
vt 0.409851 0.241114
vt 0.486314 0.313464
vt 0.525401 0.255797
vt 0.508529 0.272669
vt 0.525387 0.313399
vt 0.508524 0.296529
vt 0.486795 0.313464
vt 0.578812 0.240629
vt 0.557768 0.240960
vt 0.524603 0.241083
vt 0.499725 0.240931
vt 0.499212 0.240927
vt 0.496468 0.240579
vt 0.471148 0.240377
vt 0.437983 0.240446
vt 0.412593 0.240750
vt 0.503663 0.296589
vt 0.557469 0.208091
vt 0.578979 0.207763
vt 0.524305 0.208206
vt 0.498914 0.208037
vt 0.492362 0.207698
vt 0.470850 0.207481
vt 0.462946 0.255864
vt 0.446078 0.296600
vt 0.525401 0.255797
vt 0.437686 0.207536
vt 0.412296 0.207830
vt 0.496170 0.207687
vt 0.407654 0.210070
vt 0.409554 0.208196
vt 0.492660 0.240589
vt 0.581177 0.238763
vt 0.579278 0.240623
vt 0.488609 0.221035
vt 0.437685 0.315586
vt 0.580901 0.214881
vt 0.575226 0.221076
vt 0.500217 0.227264
vt 0.581162 0.233508
vt 0.413600 0.227774
vt 0.042308 0.993916
vt 0.044100 0.993511
vt 0.031198 0.996763
vt 0.036055 0.998008
vt 0.033099 0.996216
vt 0.034962 0.995727
vt 0.036826 0.995285
vt 0.038729 0.994882
vt 0.040529 0.994370
vt 0.017357 0.006034
vt 0.016446 0.003708
vt 0.006247 0.008433
vt 0.019246 0.005620
vt 0.009928 0.007690
vt 0.008117 0.008093
vt 0.013547 0.006740
vt 0.011724 0.007235
vt 0.015470 0.006398
vt 0.035589 0.079254
vt 0.033570 0.079644
vt 0.039299 0.107034
vt 0.037302 0.107091
vt 0.043163 0.162660
vt 0.041150 0.162993
vt 0.043822 0.241789
vt 0.041759 0.241878
vt 0.043911 0.294056
vt 0.041915 0.293797
vt 0.042823 0.345836
vt 0.040757 0.345862
vt 0.037010 0.422331
vt 0.034939 0.422320
vt 0.031944 0.490154
vt 0.029895 0.489928
vt 0.028334 0.542800
vt 0.026279 0.542562
vt 0.022435 0.613584
vt 0.020376 0.613642
vt 0.016379 0.696970
vt 0.014342 0.696900
vt 0.015956 0.749534
vt 0.013936 0.749340
vt 0.017072 0.818361
vt 0.015094 0.818692
vt 0.020425 0.874067
vt 0.018444 0.874161
vt 0.026271 0.916685
vt 0.024314 0.917162
vt 0.021573 0.081919
vt 0.025559 0.108361
vt 0.029010 0.162992
vt 0.029354 0.241853
vt 0.029951 0.294020
vt 0.028467 0.344974
vt 0.022524 0.421183
vt 0.017565 0.489159
vt 0.013936 0.541725
vt 0.008014 0.612377
vt 0.002025 0.696295
vt 0.001817 0.749709
vt 0.002860 0.818772
vt 0.006540 0.875425
vt 0.012247 0.919401
vt 0.023558 0.081543
vt 0.027512 0.108129
vt 0.031015 0.163043
vt 0.031413 0.241869
vt 0.031979 0.293941
vt 0.030498 0.345150
vt 0.024584 0.421397
vt 0.019635 0.489274
vt 0.015998 0.541851
vt 0.010068 0.612625
vt 0.004084 0.696398
vt 0.003867 0.749610
vt 0.004898 0.818802
vt 0.008553 0.875196
vt 0.014272 0.919038
vt 0.025550 0.081169
vt 0.029455 0.107821
vt 0.033011 0.163250
vt 0.033475 0.241931
vt 0.033977 0.293721
vt 0.032523 0.345405
vt 0.026633 0.421697
vt 0.021699 0.489342
vt 0.018060 0.541931
vt 0.012099 0.613001
vt 0.006141 0.696519
vt 0.005887 0.749390
vt 0.006924 0.818989
vt 0.010542 0.874914
vt 0.016304 0.918731
vt 0.027548 0.080793
vt 0.031398 0.107512
vt 0.035024 0.163456
vt 0.035543 0.241993
vt 0.035960 0.293502
vt 0.034559 0.345658
vt 0.028693 0.421996
vt 0.023755 0.489412
vt 0.020120 0.542009
vt 0.014141 0.613378
vt 0.008197 0.696639
vt 0.007895 0.749170
vt 0.008966 0.819176
vt 0.012517 0.874633
vt 0.018335 0.918427
vt 0.029550 0.080414
vt 0.033350 0.107278
vt 0.037076 0.163502
vt 0.037618 0.242012
vt 0.037952 0.293423
vt 0.036619 0.345831
vt 0.030773 0.422213
vt 0.025807 0.489525
vt 0.022175 0.542134
vt 0.016217 0.613628
vt 0.010249 0.696746
vt 0.009910 0.749073
vt 0.011038 0.819207
vt 0.014489 0.874407
vt 0.020352 0.918072
vt 0.031558 0.080031
vt 0.035320 0.107147
vt 0.039129 0.163327
vt 0.039693 0.241967
vt 0.039938 0.293539
vt 0.038688 0.345887
vt 0.032860 0.422309
vt 0.027852 0.489704
vt 0.024228 0.542324
vt 0.018305 0.613700
vt 0.012297 0.696830
vt 0.011926 0.749145
vt 0.013096 0.819026
vt 0.016465 0.874256
vt 0.022345 0.917641
vt 0.042642 0.996147
vt 0.045943 0.993146
vt 0.028236 0.916263
vt 0.022401 0.873920
vt 0.019076 0.818185
vt 0.017994 0.749607
vt 0.018413 0.697058
vt 0.024494 0.613655
vt 0.030402 0.542991
vt 0.034001 0.490335
vt 0.039077 0.422428
vt 0.044886 0.345890
vt 0.045950 0.294174
vt 0.045882 0.241746
vt 0.045196 0.162483
vt 0.041308 0.106903
vt 0.037614 0.078861
vt 0.021170 0.005125
vt 0.009586 0.005443
vt 0.384122 0.059655
vt 0.378689 0.061888
vt 0.378571 0.040757
vt 0.384073 0.040198
vt 0.373094 0.060108
vt 0.373042 0.040651
vt 0.378381 0.017891
vt 0.383960 0.019143
vt 0.372926 0.019596
vt 0.378510 0.002729
vt 0.384133 0.005182
vt 0.373102 0.005635
vt 0.769369 0.043575
vt 0.764025 0.045492
vt 0.763836 0.023630
vt 0.769255 0.023444
vt 0.758534 0.044032
vt 0.758420 0.023902
vt 0.763656 0.001992
vt 0.769152 0.003520
vt 0.763836 0.058554
vt 0.758306 0.056060
vt 0.758315 0.003977
vt 0.368024 0.045794
vt 0.362583 0.047418
vt 0.362388 0.024484
vt 0.367904 0.024676
vt 0.367866 0.060202
vt 0.362478 0.063065
vt 0.357024 0.046245
vt 0.356906 0.025128
vt 0.362283 0.003728
vt 0.367866 0.005565
vt 0.356869 0.060653
vt 0.356868 0.006016
vt 0.335770 0.044779
vt 0.330354 0.046046
vt 0.330182 0.022937
vt 0.335667 0.023501
vt 0.335672 0.061016
vt 0.330309 0.063679
vt 0.324855 0.045211
vt 0.324753 0.023932
vt 0.330172 0.003890
vt 0.335718 0.005962
vt 0.324755 0.061447
vt 0.324803 0.006393
vt 0.351813 0.059994
vt 0.346439 0.062450
vt 0.346405 0.042994
vt 0.351840 0.042080
vt 0.340887 0.060431
vt 0.340914 0.042516
vt 0.346225 0.019907
vt 0.351734 0.020822
vt 0.340811 0.021258
vt 0.346281 0.002719
vt 0.351846 0.004994
vt 0.340920 0.005430
vt 0.745817 0.059939
vt 0.750990 0.058732
vt 0.751142 0.080813
vt 0.745897 0.080270
vt 0.756246 0.059535
vt 0.756325 0.079866
vt 0.751135 0.099012
vt 0.745838 0.097027
vt 0.831359 0.095957
vt 0.826154 0.098328
vt 0.826143 0.079505
vt 0.831403 0.078627
vt 0.820786 0.096368
vt 0.820833 0.079036
vt 0.825996 0.057171
vt 0.831322 0.058062
vt 0.820752 0.058471
vt 0.451234 0.011312
vt 0.456382 0.009210
vt 0.456448 0.029215
vt 0.451238 0.029733
vt 0.461678 0.010907
vt 0.461682 0.029328
vt 0.456578 0.050863
vt 0.451300 0.049665
vt 0.461745 0.049261
vt 0.291224 0.043824
vt 0.286084 0.045647
vt 0.285975 0.024645
vt 0.291179 0.024485
vt 0.280814 0.044227
vt 0.280769 0.024889
vt 0.285876 0.003858
vt 0.291147 0.005344
vt 0.280737 0.005747
vt 0.769011 0.055841
vt 0.774194 0.054307
vt 0.774329 0.076129
vt 0.769081 0.075934
vt 0.779476 0.055436
vt 0.779546 0.075528
vt 0.774381 0.095877
vt 0.769075 0.094118
vt 0.779542 0.093713
vt 0.402727 0.022510
vt 0.404825 0.028256
vt 0.402740 0.034008
vt 0.398556 0.034013
vt 0.396458 0.028265
vt 0.398543 0.022510
vt 0.300247 0.021654
vt 0.296064 0.021654
vt 0.293970 0.015904
vt 0.296059 0.010154
vt 0.300243 0.010152
vt 0.302337 0.015899
vt 0.298154 0.015903
vt 0.692625 0.270456
vt 0.699407 0.270425
vt 0.699954 0.271759
vt 0.692073 0.271795
vt 0.704210 0.265579
vt 0.705537 0.266125
vt 0.687836 0.265653
vt 0.686507 0.266213
vt 0.704219 0.258757
vt 0.705547 0.258198
vt 0.687845 0.258831
vt 0.686519 0.258283
vt 0.699430 0.253954
vt 0.699982 0.252616
vt 0.692648 0.253985
vt 0.692100 0.252652
vt 0.655376 0.254586
vt 0.660942 0.260166
vt 0.659615 0.260723
vt 0.654825 0.255922
vt 0.660932 0.268094
vt 0.659605 0.267547
vt 0.647495 0.254617
vt 0.648043 0.255952
vt 0.655351 0.273726
vt 0.654803 0.272394
vt 0.641913 0.260251
vt 0.643240 0.260799
vt 0.647469 0.273762
vt 0.648020 0.272426
vt 0.641903 0.268181
vt 0.643230 0.267622
vt 0.635806 0.199645
vt 0.635806 0.193522
vt 0.638328 0.192982
vt 0.638329 0.199645
vt 0.633283 0.199645
vt 0.633283 0.192983
vt 0.635806 0.205768
vt 0.638329 0.206307
vt 0.633284 0.206308
vt 0.689819 0.328002
vt 0.689818 0.321879
vt 0.692341 0.321339
vt 0.692342 0.328001
vt 0.687297 0.328002
vt 0.687296 0.321339
vt 0.689820 0.334123
vt 0.692343 0.334664
vt 0.687298 0.334664
vt 0.649033 0.177507
vt 0.649033 0.185250
vt 0.646510 0.185791
vt 0.646511 0.177507
vt 0.643988 0.185251
vt 0.643988 0.177508
vt 0.649034 0.169765
vt 0.646511 0.169224
vt 0.643989 0.169765
vt 0.663439 0.180554
vt 0.663438 0.188297
vt 0.660916 0.188837
vt 0.660916 0.180554
vt 0.658393 0.188297
vt 0.658394 0.180553
vt 0.663440 0.172812
vt 0.660917 0.172272
vt 0.658395 0.172810
vt 0.759292 0.216038
vt 0.758964 0.209885
vt 0.761546 0.209344
vt 0.761903 0.216034
vt 0.756879 0.216035
vt 0.756522 0.209344
vt 0.758964 0.222185
vt 0.761546 0.222726
vt 0.756522 0.222726
vt 0.661164 0.200790
vt 0.660835 0.206937
vt 0.658393 0.207480
vt 0.658751 0.200790
vt 0.663775 0.200789
vt 0.663417 0.207480
vt 0.660835 0.194638
vt 0.658393 0.194099
vt 0.663417 0.194098
vt 0.733341 0.309791
vt 0.732926 0.317567
vt 0.730483 0.318111
vt 0.730928 0.309791
vt 0.727901 0.317569
vt 0.728316 0.309793
vt 0.732926 0.302015
vt 0.730483 0.301475
vt 0.727901 0.302016
vt 0.635841 0.287414
vt 0.635426 0.279640
vt 0.638008 0.279098
vt 0.638452 0.287417
vt 0.640451 0.279641
vt 0.640866 0.287417
vt 0.635426 0.295193
vt 0.638008 0.295734
vt 0.640450 0.295192
vt 0.671237 0.281251
vt 0.678039 0.281250
vt 0.678589 0.282585
vt 0.670686 0.282582
vt 0.682848 0.276438
vt 0.684181 0.276987
vt 0.666428 0.276441
vt 0.665098 0.276990
vt 0.682848 0.269636
vt 0.684180 0.269082
vt 0.666428 0.269640
vt 0.665097 0.269088
vt 0.678040 0.264827
vt 0.678592 0.263493
vt 0.671241 0.264822
vt 0.670688 0.263493
vt 0.692399 0.220844
vt 0.700306 0.220848
vt 0.699753 0.222178
vt 0.692952 0.222174
vt 0.705892 0.226435
vt 0.704562 0.226989
vt 0.686811 0.226433
vt 0.688141 0.226986
vt 0.705895 0.234345
vt 0.704563 0.233792
vt 0.686812 0.234343
vt 0.688142 0.233789
vt 0.700306 0.239935
vt 0.699753 0.238604
vt 0.692401 0.239933
vt 0.692952 0.238600
vt 0.714363 0.302606
vt 0.714363 0.297642
vt 0.716871 0.297204
vt 0.716870 0.302606
vt 0.711855 0.302605
vt 0.711856 0.297203
vt 0.714362 0.307570
vt 0.716869 0.308009
vt 0.711855 0.308008
vt 0.719347 0.289073
vt 0.719346 0.284108
vt 0.721853 0.283670
vt 0.721855 0.289073
vt 0.716839 0.289074
vt 0.716838 0.283671
vt 0.719348 0.294038
vt 0.721856 0.294475
vt 0.716840 0.294476
vt 0.712934 0.277298
vt 0.712934 0.283577
vt 0.710427 0.284015
vt 0.710426 0.277298
vt 0.707919 0.283578
vt 0.707919 0.277299
vt 0.712932 0.271020
vt 0.710426 0.270582
vt 0.707918 0.271020
vt 0.636873 0.307964
vt 0.636873 0.314243
vt 0.634367 0.314681
vt 0.634366 0.307964
vt 0.631858 0.314244
vt 0.631858 0.307966
vt 0.636873 0.301686
vt 0.634364 0.301248
vt 0.631858 0.301687
vt 0.730935 0.200203
vt 0.730874 0.195238
vt 0.733393 0.194799
vt 0.733460 0.200201
vt 0.728446 0.200203
vt 0.728380 0.194799
vt 0.730874 0.205166
vt 0.733393 0.205609
vt 0.728380 0.205606
vt 0.742945 0.339527
vt 0.742885 0.344494
vt 0.740390 0.344929
vt 0.740457 0.339527
vt 0.745471 0.339527
vt 0.745404 0.344932
vt 0.742885 0.334561
vt 0.740390 0.334122
vt 0.745405 0.334122
vt 0.647295 0.198495
vt 0.647218 0.204770
vt 0.644723 0.205209
vt 0.644807 0.198494
vt 0.642204 0.204772
vt 0.642282 0.198491
vt 0.647218 0.192214
vt 0.644724 0.191775
vt 0.642204 0.192214
vt 0.673981 0.229227
vt 0.674058 0.235504
vt 0.671538 0.235944
vt 0.671456 0.229225
vt 0.669046 0.235505
vt 0.668969 0.229224
vt 0.674058 0.222943
vt 0.671538 0.222509
vt 0.669046 0.222949
vt 0.677042 0.320134
vt 0.681844 0.315325
vt 0.683175 0.315878
vt 0.677594 0.321467
vt 0.681841 0.308518
vt 0.683170 0.307966
vt 0.670246 0.320128
vt 0.669695 0.321457
vt 0.677032 0.303697
vt 0.677582 0.302363
vt 0.665437 0.315306
vt 0.664108 0.315859
vt 0.670236 0.303689
vt 0.669683 0.302353
vt 0.665433 0.308498
vt 0.664102 0.307944
vt 0.730635 0.213655
vt 0.736215 0.219244
vt 0.734885 0.219798
vt 0.730083 0.214987
vt 0.736210 0.227158
vt 0.734880 0.226606
vt 0.722737 0.213661
vt 0.723286 0.214996
vt 0.730622 0.232758
vt 0.730072 0.231426
vt 0.717148 0.219263
vt 0.718478 0.219813
vt 0.722724 0.232766
vt 0.723275 0.231433
vt 0.717142 0.227178
vt 0.718473 0.226625
vt 0.721434 0.244527
vt 0.721433 0.239563
vt 0.723942 0.239125
vt 0.723941 0.244528
vt 0.718928 0.244527
vt 0.718926 0.239125
vt 0.721434 0.249492
vt 0.723942 0.249930
vt 0.718927 0.249930
vt 0.680398 0.244527
vt 0.680398 0.239562
vt 0.682905 0.239125
vt 0.682905 0.244527
vt 0.677890 0.244527
vt 0.677891 0.239124
vt 0.680398 0.249492
vt 0.682905 0.249930
vt 0.677890 0.249930
vt 0.747137 0.218465
vt 0.747137 0.224743
vt 0.744630 0.225182
vt 0.744629 0.218465
vt 0.742122 0.224744
vt 0.742122 0.218466
vt 0.747135 0.212186
vt 0.744627 0.211748
vt 0.742121 0.212186
vt 0.707707 0.211154
vt 0.707707 0.217432
vt 0.705200 0.217870
vt 0.705201 0.211153
vt 0.702693 0.217432
vt 0.702693 0.211153
vt 0.707708 0.204874
vt 0.705200 0.204437
vt 0.702693 0.204874
vt 0.658723 0.285133
vt 0.658870 0.280162
vt 0.661343 0.279722
vt 0.661183 0.285134
vt 0.656176 0.285130
vt 0.656335 0.279723
vt 0.658870 0.290102
vt 0.661343 0.290541
vt 0.656335 0.290542
vt 0.742949 0.298668
vt 0.743096 0.303635
vt 0.740561 0.304074
vt 0.740402 0.298664
vt 0.745411 0.298665
vt 0.745569 0.304074
vt 0.743097 0.293695
vt 0.740560 0.293256
vt 0.745569 0.293256
vt 0.655188 0.193146
vt 0.655373 0.199430
vt 0.652838 0.199869
vt 0.652640 0.193144
vt 0.650366 0.199433
vt 0.650181 0.193146
vt 0.655373 0.186857
vt 0.652839 0.186419
vt 0.650366 0.186857
vt 0.633283 0.181529
vt 0.633468 0.175239
vt 0.635941 0.174803
vt 0.635742 0.181531
vt 0.638476 0.175242
vt 0.638291 0.181526
vt 0.633467 0.187814
vt 0.635941 0.188252
vt 0.638476 0.187814
vt 0.648755 0.244163
vt 0.655544 0.244141
vt 0.656094 0.245473
vt 0.648204 0.245501
vt 0.660348 0.239301
vt 0.661675 0.239852
vt 0.643958 0.239359
vt 0.642627 0.239919
vt 0.660349 0.232491
vt 0.661679 0.231933
vt 0.643959 0.232546
vt 0.642632 0.231995
vt 0.655552 0.227685
vt 0.656103 0.226348
vt 0.648762 0.227709
vt 0.648211 0.226379
vt 0.735263 0.268137
vt 0.743152 0.268151
vt 0.742607 0.269489
vt 0.735819 0.269478
vt 0.748745 0.273768
vt 0.747417 0.274318
vt 0.729696 0.273728
vt 0.731027 0.274286
vt 0.748760 0.281686
vt 0.747431 0.281133
vt 0.729713 0.281652
vt 0.731040 0.281099
vt 0.743192 0.287276
vt 0.742639 0.285942
vt 0.735303 0.287261
vt 0.735851 0.285930
vt 0.721558 0.264761
vt 0.721527 0.260346
vt 0.724024 0.259936
vt 0.724059 0.264745
vt 0.719058 0.264781
vt 0.719024 0.259973
vt 0.721591 0.269182
vt 0.724093 0.269553
vt 0.719091 0.269589
vt 0.730887 0.258100
vt 0.730855 0.253684
vt 0.733353 0.253275
vt 0.733387 0.258084
vt 0.728385 0.258119
vt 0.728352 0.253311
vt 0.730919 0.262518
vt 0.733422 0.262892
vt 0.728421 0.262927
vt 0.673727 0.191632
vt 0.673727 0.197220
vt 0.671227 0.197611
vt 0.671226 0.191633
vt 0.668727 0.197220
vt 0.668725 0.191634
vt 0.673726 0.186044
vt 0.671226 0.185656
vt 0.668724 0.186046
vt 0.717627 0.191952
vt 0.717628 0.197540
vt 0.715128 0.197931
vt 0.715127 0.191955
vt 0.712627 0.197541
vt 0.712626 0.191954
vt 0.717627 0.186365
vt 0.715127 0.185975
vt 0.712626 0.186366
vt 0.650597 0.338740
vt 0.650790 0.334311
vt 0.653242 0.333919
vt 0.653032 0.338738
vt 0.648045 0.338738
vt 0.648254 0.333919
vt 0.650789 0.343171
vt 0.653243 0.343562
vt 0.648255 0.343564
vt 0.741608 0.258044
vt 0.741801 0.262472
vt 0.739266 0.262862
vt 0.739057 0.258044
vt 0.744044 0.258044
vt 0.744253 0.262867
vt 0.741801 0.253613
vt 0.739267 0.253218
vt 0.744253 0.253221
vt 0.704774 0.327342
vt 0.705017 0.332946
vt 0.702482 0.333336
vt 0.702222 0.327342
vt 0.700029 0.332946
vt 0.699785 0.327342
vt 0.705017 0.321740
vt 0.702482 0.321348
vt 0.700029 0.321738
vt 0.684538 0.201970
vt 0.684781 0.196366
vt 0.687233 0.195973
vt 0.686972 0.201970
vt 0.689768 0.196363
vt 0.689525 0.201968
vt 0.684781 0.207572
vt 0.687233 0.207962
vt 0.689768 0.207574
vt 0.746872 0.243139
vt 0.749957 0.240046
vt 0.750812 0.240427
vt 0.747227 0.244022
vt 0.749951 0.235575
vt 0.750807 0.235231
vt 0.742504 0.243043
vt 0.742150 0.243910
vt 0.746860 0.232345
vt 0.747212 0.231476
vt 0.739413 0.239813
vt 0.738557 0.240157
vt 0.742493 0.232251
vt 0.742137 0.231366
vt 0.739407 0.235342
vt 0.738552 0.234962
vt 0.747757 0.190060
vt 0.751342 0.193655
vt 0.750487 0.194036
vt 0.747402 0.190945
vt 0.751339 0.198852
vt 0.750484 0.198507
vt 0.742680 0.190175
vt 0.743034 0.191042
vt 0.747747 0.202607
vt 0.747393 0.201738
vt 0.739089 0.193929
vt 0.739944 0.194272
vt 0.742673 0.202718
vt 0.743027 0.201837
vt 0.739085 0.199127
vt 0.739940 0.198744
vt 0.694788 0.192418
vt 0.694788 0.188484
vt 0.697283 0.188117
vt 0.697284 0.192400
vt 0.692293 0.192438
vt 0.692292 0.188156
vt 0.694788 0.196353
vt 0.697283 0.196681
vt 0.692292 0.196720
vt 0.678298 0.292369
vt 0.678297 0.288434
vt 0.680791 0.288105
vt 0.680794 0.292388
vt 0.675803 0.292351
vt 0.675802 0.288068
vt 0.678300 0.296305
vt 0.680795 0.296670
vt 0.675804 0.296633
vt 0.732839 0.244943
vt 0.732840 0.249921
vt 0.730344 0.250249
vt 0.730344 0.244924
vt 0.727848 0.249882
vt 0.727847 0.244904
vt 0.732840 0.239965
vt 0.730343 0.239598
vt 0.727847 0.239926
vt 0.652909 0.318304
vt 0.652907 0.323282
vt 0.650412 0.323649
vt 0.650412 0.318323
vt 0.647915 0.323321
vt 0.647915 0.318343
vt 0.652908 0.313325
vt 0.650411 0.312999
vt 0.647916 0.313364
vt 0.667680 0.290713
vt 0.668098 0.286717
vt 0.670467 0.286364
vt 0.670010 0.290713
vt 0.665097 0.290711
vt 0.665551 0.286364
vt 0.668099 0.294708
vt 0.670467 0.295063
vt 0.665553 0.295063
vt 0.659419 0.321380
vt 0.659837 0.325376
vt 0.657291 0.325729
vt 0.656836 0.321380
vt 0.661752 0.321380
vt 0.662206 0.325729
vt 0.659837 0.317384
vt 0.657291 0.317031
vt 0.662205 0.317031
vt 0.652345 0.210553
vt 0.652873 0.215606
vt 0.650327 0.215961
vt 0.649762 0.210553
vt 0.647959 0.215605
vt 0.647432 0.210555
vt 0.652873 0.205502
vt 0.650327 0.205144
vt 0.647960 0.205499
vt 0.669098 0.209083
vt 0.669628 0.204028
vt 0.671994 0.203678
vt 0.671430 0.209083
vt 0.674540 0.204028
vt 0.674013 0.209083
vt 0.669628 0.214135
vt 0.671994 0.214486
vt 0.674541 0.214136
vt 0.457035 0.382153
vt 0.457037 0.373432
vt 0.462220 0.373432
vt 0.462220 0.382152
vt 0.457035 0.331116
vt 0.462220 0.331116
vt 0.457037 0.321933
vt 0.462220 0.321933
vt 0.446330 0.382623
vt 0.446330 0.366449
vt 0.451826 0.366449
vt 0.451823 0.382624
vt 0.446333 0.356716
vt 0.451829 0.356715
vt 0.446333 0.321552
vt 0.451823 0.321552
vt 0.870202 0.296115
vt 0.875976 0.296115
vt 0.875976 0.323552
vt 0.870202 0.323555
vt 0.879451 0.296116
vt 0.879451 0.323552
vt 0.875296 0.325082
vt 0.871230 0.325087
vt 0.834519 0.297630
vt 0.840293 0.297630
vt 0.840293 0.325071
vt 0.834519 0.325066
vt 0.843768 0.297630
vt 0.843768 0.325066
vt 0.839613 0.326604
vt 0.835547 0.326601
vt 0.864231 0.275807
vt 0.871450 0.275805
vt 0.871450 0.287678
vt 0.864231 0.287678
vt 0.875793 0.275802
vt 0.875794 0.287680
vt 0.880462 0.279142
vt 0.887681 0.279139
vt 0.887681 0.291015
vt 0.880462 0.291013
vt 0.892025 0.279139
vt 0.892025 0.291015
vt 0.695665 0.315517
vt 0.698773 0.312375
vt 0.699634 0.312860
vt 0.696022 0.316511
vt 0.698772 0.307481
vt 0.699632 0.307172
vt 0.691267 0.315067
vt 0.690911 0.315988
vt 0.695662 0.303704
vt 0.696018 0.302780
vt 0.700798 0.306754
vt 0.700798 0.312839
vt 0.688158 0.311288
vt 0.687296 0.311594
vt 0.691265 0.303251
vt 0.690909 0.302257
vt 0.696931 0.302056
vt 0.689322 0.310868
vt 0.692180 0.314343
vt 0.688156 0.306394
vt 0.687296 0.305908
vt 0.689322 0.306372
vt 0.724379 0.337570
vt 0.720765 0.333922
vt 0.721627 0.333432
vt 0.724735 0.336576
vt 0.720765 0.328230
vt 0.721625 0.328541
vt 0.729488 0.337045
vt 0.729131 0.336123
vt 0.724377 0.323837
vt 0.724734 0.324759
vt 0.722790 0.328959
vt 0.722792 0.333453
vt 0.733101 0.332650
vt 0.732240 0.332343
vt 0.729486 0.323314
vt 0.729130 0.324309
vt 0.725646 0.325485
vt 0.734265 0.333069
vt 0.730401 0.337769
vt 0.733099 0.326964
vt 0.732240 0.327447
vt 0.734264 0.326985
vt 0.480335 0.352304
vt 0.469284 0.345921
vt 0.480337 0.339542
vt 0.480143 0.401781
vt 0.473827 0.398133
vt 0.469286 0.333159
vt 0.491389 0.345925
vt 0.486460 0.398135
vt 0.480339 0.326779
vt 0.491390 0.333163
vt 0.519935 0.345769
vt 0.508882 0.352148
vt 0.508884 0.339386
vt 0.515377 0.397979
vt 0.509060 0.401625
vt 0.497831 0.345766
vt 0.519937 0.333007
vt 0.502744 0.397978
vt 0.497832 0.333003
vt 0.508885 0.326624
vt 0.828935 0.288726
vt 0.828934 0.283550
vt 0.833417 0.286137
vt 0.833417 0.280961
vt 0.833417 0.291314
vt 0.837899 0.283549
vt 0.837900 0.288725
vt 0.850348 0.334530
vt 0.850347 0.330578
vt 0.853771 0.332553
vt 0.848911 0.335361
vt 0.848909 0.329748
vt 0.853770 0.328600
vt 0.853772 0.336505
vt 0.853772 0.338165
vt 0.857194 0.330575
vt 0.857195 0.334528
vt 0.853769 0.326940
vt 0.858631 0.329745
vt 0.858633 0.335357
vt 0.877845 0.332083
vt 0.877845 0.326907
vt 0.882328 0.329495
vt 0.882327 0.324319
vt 0.882328 0.334671
vt 0.886810 0.326906
vt 0.886810 0.332082
vt 0.840340 0.336595
vt 0.844823 0.339183
vt 0.840340 0.341771
vt 0.844823 0.344359
vt 0.835857 0.339184
vt 0.840341 0.346947
vt 0.835858 0.344360
vt 0.670472 0.247460
vt 0.670472 0.243480
vt 0.671976 0.243117
vt 0.671976 0.247447
vt 0.668969 0.247471
vt 0.668969 0.243140
vt 0.670473 0.251439
vt 0.671977 0.251778
vt 0.668969 0.251802
vt 0.704372 0.247460
vt 0.704372 0.243480
vt 0.705875 0.243140
vt 0.705876 0.247471
vt 0.702869 0.247449
vt 0.702869 0.243117
vt 0.704374 0.251439
vt 0.705877 0.251801
vt 0.702871 0.251780
vt 0.643785 0.305619
vt 0.643785 0.310651
vt 0.642282 0.310990
vt 0.642282 0.305607
vt 0.640778 0.310627
vt 0.640779 0.305595
vt 0.643786 0.300587
vt 0.642282 0.300223
vt 0.640779 0.300564
vt 0.683166 0.333358
vt 0.683166 0.338389
vt 0.681662 0.338752
vt 0.681663 0.333369
vt 0.680160 0.338413
vt 0.680160 0.333381
vt 0.683167 0.328326
vt 0.681664 0.327986
vt 0.680161 0.328349
vt 0.511489 0.254252
vt 0.511491 0.261242
vt 0.506997 0.261242
vt 0.506999 0.254252
vt 0.498620 0.262123
vt 0.498618 0.249892
vt 0.503110 0.249892
vt 0.503112 0.262123
vt 0.854807 0.323361
vt 0.849846 0.323361
vt 0.849846 0.297868
vt 0.854807 0.297873
vt 0.864964 0.323245
vt 0.860003 0.323246
vt 0.860003 0.297756
vt 0.864964 0.297754
vt 0.860416 0.291129
vt 0.854204 0.291124
vt 0.854204 0.280079
vt 0.860416 0.280079
vt 0.849710 0.292915
vt 0.843499 0.292912
vt 0.843499 0.281866
vt 0.849710 0.281862
vt 0.680607 0.222817
vt 0.679803 0.218893
vt 0.681262 0.218550
vt 0.682137 0.222817
vt 0.679803 0.226739
vt 0.681263 0.227087
vt 0.722306 0.301737
vt 0.723323 0.306702
vt 0.721863 0.307048
vt 0.720775 0.301739
vt 0.723323 0.296776
vt 0.721863 0.296430
vt 0.624721 0.318025
vt 0.625808 0.312717
vt 0.627268 0.313061
vt 0.626252 0.318023
vt 0.625809 0.323334
vt 0.627268 0.322989
vt 0.659299 0.339681
vt 0.658425 0.343949
vt 0.656966 0.343603
vt 0.657769 0.339679
vt 0.658424 0.335410
vt 0.656966 0.335759
vt 0.892290 0.053687
vt 0.897706 0.055969
vt 0.897736 0.070407
vt 0.892238 0.069799
vt 0.903319 0.054238
vt 0.903265 0.070349
vt 0.897705 0.086028
vt 0.892118 0.087231
vt 0.903145 0.087781
vt 0.897937 0.096392
vt 0.892290 0.098795
vt 0.903317 0.099345
vt 0.881417 0.014316
vt 0.886923 0.016305
vt 0.886998 0.031700
vt 0.881413 0.031496
vt 0.892584 0.014813
vt 0.892580 0.031993
vt 0.887079 0.046938
vt 0.881414 0.048500
vt 0.886577 0.007102
vt 0.892285 0.004544
vt 0.892582 0.048997
vt 0.887446 0.055735
vt 0.881737 0.058315
vt 0.527021 0.020999
vt 0.532450 0.022670
vt 0.532421 0.038338
vt 0.526903 0.038484
vt 0.526865 0.009066
vt 0.532232 0.011975
vt 0.538015 0.021544
vt 0.537897 0.039028
vt 0.532464 0.052520
vt 0.526867 0.054309
vt 0.537859 0.009611
vt 0.537861 0.054853
vt 0.899361 0.016791
vt 0.904766 0.018099
vt 0.904764 0.033887
vt 0.899271 0.034409
vt 0.899254 0.003346
vt 0.904595 0.006050
vt 0.910274 0.017306
vt 0.910183 0.034924
vt 0.904888 0.046902
vt 0.899330 0.048932
vt 0.910166 0.003861
vt 0.910242 0.049447
vt 0.607714 0.010805
vt 0.613286 0.008832
vt 0.613309 0.023666
vt 0.607816 0.024099
vt 0.613199 0.041266
vt 0.607798 0.039871
vt 0.602365 0.008304
vt 0.602385 0.023138
vt 0.613310 0.054373
vt 0.607972 0.051617
vt 0.602277 0.040738
vt 0.602390 0.053845
vt 0.644803 0.006899
vt 0.647591 0.011068
vt 0.638165 0.023358
vt 0.633415 0.021746
vt 0.638168 0.038845
vt 0.633419 0.040459
vt 0.647599 0.051131
vt 0.644813 0.055303
vt 0.662560 0.055138
vt 0.662889 0.060142
vt 0.676869 0.049208
vt 0.680176 0.052978
vt 0.684610 0.035793
vt 0.689530 0.036770
vt 0.682585 0.020438
vt 0.687084 0.018218
vt 0.671631 0.009488
vt 0.673849 0.004989
vt 0.656275 0.007469
vt 0.655296 0.002550
vt 0.490099 0.007468
vt 0.489120 0.002548
vt 0.507673 0.004992
vt 0.505454 0.009490
vt 0.520904 0.018225
vt 0.516406 0.020443
vt 0.523346 0.036778
vt 0.518426 0.035799
vt 0.513988 0.052983
vt 0.510681 0.049212
vt 0.496699 0.060143
vt 0.496371 0.055138
vt 0.478624 0.055298
vt 0.481411 0.051128
vt 0.467234 0.040452
vt 0.471983 0.038840
vt 0.467236 0.021740
vt 0.471983 0.023351
vt 0.478628 0.006895
vt 0.481413 0.011065
vt 0.707250 0.006898
vt 0.710037 0.011068
vt 0.700611 0.023357
vt 0.695861 0.021746
vt 0.700613 0.038845
vt 0.695863 0.040458
vt 0.710043 0.051131
vt 0.707258 0.055302
vt 0.725005 0.055137
vt 0.725334 0.060142
vt 0.739313 0.049208
vt 0.742621 0.052978
vt 0.747054 0.035793
vt 0.751974 0.036771
vt 0.745031 0.020438
vt 0.749529 0.018219
vt 0.734077 0.009488
vt 0.736295 0.004989
vt 0.718721 0.007469
vt 0.717741 0.002550
vt 0.389316 0.007281
vt 0.388987 0.002277
vt 0.407063 0.007120
vt 0.404276 0.011290
vt 0.418453 0.021967
vt 0.413703 0.023579
vt 0.418451 0.040679
vt 0.413703 0.039067
vt 0.407059 0.055524
vt 0.404272 0.051354
vt 0.388984 0.060366
vt 0.389313 0.055361
vt 0.780492 0.019265
vt 0.776148 0.016757
vt 0.790216 0.004418
vt 0.792135 0.009052
vt 0.808889 0.003194
vt 0.807590 0.008038
vt 0.824447 0.013588
vt 0.820469 0.016642
vt 0.830464 0.031308
vt 0.825448 0.031308
vt 0.824450 0.049027
vt 0.820470 0.045974
vt 0.808892 0.059424
vt 0.807593 0.054579
vt 0.790219 0.058201
vt 0.792138 0.053567
vt 0.776150 0.045864
vt 0.780493 0.043356
vt 0.836809 0.058969
vt 0.838729 0.054336
vt 0.854185 0.055352
vt 0.855481 0.060197
vt 0.867063 0.046749
vt 0.871043 0.049804
vt 0.872045 0.032085
vt 0.877061 0.032086
vt 0.867068 0.017417
vt 0.871049 0.014365
vt 0.854193 0.008810
vt 0.855492 0.003966
vt 0.838737 0.009820
vt 0.836819 0.005186
vt 0.565649 0.012644
vt 0.570818 0.013868
vt 0.570889 0.028945
vt 0.565648 0.029469
vt 0.576072 0.013085
vt 0.576069 0.029909
vt 0.571070 0.041373
vt 0.565767 0.043338
vt 0.311917 0.038341
vt 0.306627 0.040251
vt 0.306516 0.026131
vt 0.311745 0.025687
vt 0.306518 0.009376
vt 0.311671 0.010673
vt 0.316916 0.026569
vt 0.316917 0.009815
vt 0.581599 0.007445
vt 0.586734 0.009575
vt 0.586840 0.023243
vt 0.581633 0.022698
vt 0.592041 0.007906
vt 0.592075 0.023158
vt 0.586899 0.038032
vt 0.581616 0.039201
vt 0.592058 0.039662
vt 0.443345 0.042577
vt 0.438217 0.040726
vt 0.438143 0.026377
vt 0.443347 0.026566
vt 0.432937 0.042118
vt 0.432938 0.026106
vt 0.438063 0.012175
vt 0.443339 0.010717
vt 0.432932 0.010258
vt 0.546646 0.009431
vt 0.551820 0.010992
vt 0.551871 0.025900
vt 0.546621 0.026067
vt 0.557108 0.009892
vt 0.557084 0.026528
vt 0.551987 0.039392
vt 0.546668 0.041124
vt 0.557131 0.041585
vt 0.422886 0.288386
vt 0.422886 0.264482
vt 0.441836 0.264481
vt 0.441836 0.288386
vt 0.422888 0.251112
vt 0.441836 0.251111
vt 0.422883 0.308822
vt 0.441836 0.308822
vt 0.540391 0.334405
vt 0.540395 0.355849
vt 0.523395 0.355849
vt 0.523393 0.334405
vt 0.401455 0.275567
vt 0.401452 0.253300
vt 0.419107 0.253300
vt 0.419107 0.275567
vt 0.401455 0.294603
vt 0.419107 0.294603
vn -0.007523 0.117986 -0.992987
vn -0.007523 0.117986 -0.992987
vn -0.007523 0.117986 -0.992987
vn -0.007523 0.117986 -0.992987
vn 0.020354 0.918661 -0.394522
vn 0.020354 0.918661 -0.394522
vn 0.020354 0.918661 -0.394522
vn 0.020354 0.918661 -0.394522
vn 0.027885 0.800669 0.598458
vn 0.027885 0.800669 0.598458
vn 0.027885 0.800669 0.598458
vn 0.027885 0.800669 0.598458
vn 0.007523 -0.117987 0.992987
vn 0.007523 -0.117987 0.992987
vn 0.007523 -0.117987 0.992987
vn 0.007523 -0.117987 0.992987
vn -0.020348 -0.918660 0.394526
vn -0.020348 -0.918660 0.394526
vn -0.020348 -0.918660 0.394526
vn -0.020348 -0.918660 0.394526
vn -0.027873 -0.800669 -0.598458
vn -0.027873 -0.800669 -0.598458
vn -0.027873 -0.800669 -0.598458
vn -0.027873 -0.800669 -0.598458
vn -0.999587 0.026690 0.010691
vn -0.999582 0.026857 0.010715
vn -0.999583 0.026799 0.010708
vn -0.999589 0.026597 0.010731
vn -0.999584 0.026764 0.010755
vn -0.999580 0.026943 0.010678
vn -0.999580 0.026943 0.010678
vn 0.999584 -0.026764 -0.010754
vn 0.999588 -0.026591 -0.010836
vn 0.999585 -0.026780 -0.010655
vn 0.999588 -0.026610 -0.010732
vn 0.999585 -0.026795 -0.010551
vn 0.999581 -0.026967 -0.010477
vn 0.999581 -0.026955 -0.010577
vn -0.999587 0.026666 0.010694
vn -0.999587 0.026666 0.010694
vn -0.999587 0.026666 0.010694
vn -0.999587 0.026666 0.010694
vn 0.999583 -0.026765 -0.010799
vn 0.999583 -0.026765 -0.010799
vn 0.999583 -0.026765 -0.010799
vn 0.999583 -0.026765 -0.010799
vn -0.027137 -0.745663 -0.665770
vn -0.027137 -0.745663 -0.665770
vn -0.027137 -0.745663 -0.665770
vn -0.027137 -0.745663 -0.665770
vn -0.999584 0.026771 0.010752
vn -0.999584 0.026771 0.010752
vn -0.999584 0.026771 0.010752
vn -0.999584 0.026771 0.010752
vn 0.028456 0.853290 0.520659
vn 0.028456 0.853290 0.520659
vn 0.028456 0.853290 0.520659
vn 0.028456 0.853290 0.520659
vn 0.999583 -0.026780 -0.010756
vn 0.999583 -0.026780 -0.010756
vn 0.999583 -0.026780 -0.010756
vn 0.999583 -0.026780 -0.010756
vn -0.901473 -0.016774 0.432510
vn -0.901473 -0.016774 0.432510
vn -0.901473 -0.016774 0.432510
vn -0.901473 -0.016774 0.432510
vn -0.916459 -0.304187 -0.259948
vn -0.916459 -0.304187 -0.259948
vn -0.916459 -0.304187 -0.259948
vn -0.916459 -0.304187 -0.259948
vn -0.397349 -0.521456 -0.755114
vn -0.397349 -0.521456 -0.755114
vn -0.397348 -0.521456 -0.755114
vn -0.397348 -0.521456 -0.755114
vn 0.352369 -0.541145 -0.763543
vn 0.352369 -0.541145 -0.763543
vn 0.352369 -0.541145 -0.763543
vn 0.352369 -0.541145 -0.763543
vn 0.893233 -0.352196 -0.279450
vn 0.893233 -0.352196 -0.279450
vn 0.893233 -0.352196 -0.279450
vn 0.893233 -0.352196 -0.279450
vn 0.908388 -0.064336 0.413150
vn 0.908388 -0.064336 0.413150
vn 0.908388 -0.064336 0.413150
vn 0.908388 -0.064336 0.413150
vn 0.389108 0.152820 0.908428
vn 0.389108 0.152820 0.908428
vn 0.389108 0.152820 0.908428
vn 0.389108 0.152820 0.908428
vn -0.360569 0.172631 0.916618
vn -0.360569 0.172631 0.916618
vn -0.360569 0.172631 0.916618
vn -0.360569 0.172631 0.916618
vn -0.020588 -0.923276 0.383584
vn -0.020588 -0.923276 0.383584
vn -0.020588 -0.923276 0.383584
vn -0.020588 -0.923276 0.383584
vn -0.020539 -0.923230 0.383698
vn -0.020539 -0.923230 0.383698
vn -0.020539 -0.923230 0.383698
vn -0.020539 -0.923230 0.383698
vn -0.020671 -0.923258 0.383625
vn -0.020671 -0.923258 0.383625
vn -0.020671 -0.923258 0.383625
vn -0.020671 -0.923258 0.383625
vn -0.020560 -0.923247 0.383658
vn -0.020560 -0.923247 0.383658
vn -0.020560 -0.923247 0.383658
vn -0.020560 -0.923247 0.383658
vn -0.020693 -0.923230 0.383691
vn -0.020693 -0.923230 0.383691
vn -0.020693 -0.923230 0.383691
vn -0.020693 -0.923230 0.383691
vn -0.020782 -0.923276 0.383575
vn -0.020782 -0.923276 0.383575
vn -0.020782 -0.923276 0.383575
vn -0.020782 -0.923276 0.383575
vn -0.020727 -0.923377 0.383334
vn -0.020727 -0.923377 0.383334
vn -0.020727 -0.923377 0.383334
vn -0.020727 -0.923377 0.383334
vn -0.020524 -0.923335 0.383446
vn -0.020524 -0.923335 0.383446
vn -0.020524 -0.923335 0.383446
vn -0.020524 -0.923335 0.383446
vn 0.893241 -0.351971 -0.279709
vn 0.893241 -0.351971 -0.279708
vn 0.893241 -0.351971 -0.279708
vn 0.893241 -0.351971 -0.279709
vn 0.908404 -0.064374 0.413107
vn 0.908404 -0.064374 0.413107
vn 0.908404 -0.064374 0.413107
vn 0.908404 -0.064374 0.413107
vn 0.388992 0.152661 0.908504
vn 0.388992 0.152661 0.908504
vn 0.388992 0.152661 0.908504
vn 0.388992 0.152661 0.908504
vn -0.360718 0.172582 0.916569
vn -0.360718 0.172582 0.916569
vn -0.360718 0.172582 0.916569
vn -0.360718 0.172582 0.916569
vn -0.901314 -0.016611 0.432847
vn -0.901314 -0.016611 0.432847
vn -0.901314 -0.016611 0.432847
vn -0.901314 -0.016611 0.432847
vn -0.916462 -0.304191 -0.259934
vn -0.916462 -0.304191 -0.259934
vn -0.916462 -0.304191 -0.259934
vn -0.916462 -0.304191 -0.259934
vn -0.397151 -0.521437 -0.755231
vn -0.397151 -0.521437 -0.755231
vn -0.397151 -0.521437 -0.755231
vn -0.397151 -0.521437 -0.755231
vn 0.352561 -0.541359 -0.763303
vn 0.352561 -0.541359 -0.763303
vn 0.352561 -0.541359 -0.763303
vn 0.352561 -0.541359 -0.763303
vn 0.901588 0.015984 -0.432301
vn 0.901588 0.015984 -0.432301
vn 0.901588 0.015984 -0.432301
vn 0.901588 0.015984 -0.432301
vn 0.916611 0.303734 0.259943
vn 0.916611 0.303734 0.259943
vn 0.916611 0.303734 0.259943
vn 0.916611 0.303734 0.259943
vn 0.397238 0.521134 0.755395
vn 0.397238 0.521133 0.755396
vn 0.397238 0.521133 0.755395
vn 0.397238 0.521134 0.755395
vn -0.352473 0.541219 0.763443
vn -0.352473 0.541219 0.763442
vn -0.352473 0.541219 0.763442
vn -0.352473 0.541219 0.763443
vn -0.893223 0.352235 0.279434
vn -0.893223 0.352235 0.279434
vn -0.893223 0.352235 0.279434
vn -0.893223 0.352235 0.279434
vn -0.908374 0.064754 -0.413115
vn -0.908374 0.064754 -0.413115
vn -0.908374 0.064754 -0.413115
vn -0.908374 0.064754 -0.413115
vn -0.388945 -0.152860 -0.908491
vn -0.388945 -0.152860 -0.908491
vn -0.388945 -0.152860 -0.908491
vn -0.388945 -0.152860 -0.908491
vn 0.360637 -0.172768 -0.916566
vn 0.360637 -0.172768 -0.916566
vn 0.360637 -0.172768 -0.916565
vn 0.360637 -0.172768 -0.916566
vn 0.020670 0.923227 -0.383699
vn 0.020670 0.923227 -0.383699
vn 0.020670 0.923227 -0.383699
vn 0.020670 0.923227 -0.383699
vn 0.021011 0.923238 -0.383654
vn 0.021011 0.923238 -0.383654
vn 0.021011 0.923238 -0.383654
vn 0.021011 0.923238 -0.383654
vn 0.020687 0.923385 -0.383318
vn 0.020687 0.923385 -0.383318
vn 0.020687 0.923385 -0.383318
vn 0.020687 0.923385 -0.383318
vn 0.020565 0.923151 -0.383886
vn 0.020565 0.923151 -0.383886
vn 0.020565 0.923151 -0.383886
vn 0.020565 0.923151 -0.383886
vn 0.020365 0.923327 -0.383475
vn 0.020365 0.923327 -0.383475
vn 0.020365 0.923327 -0.383475
vn 0.020365 0.923327 -0.383475
vn 0.020143 0.923156 -0.383898
vn 0.020143 0.923156 -0.383898
vn 0.020143 0.923156 -0.383898
vn 0.020143 0.923156 -0.383898
vn 0.020526 0.923182 -0.383815
vn 0.020526 0.923182 -0.383815
vn 0.020526 0.923182 -0.383815
vn 0.020526 0.923182 -0.383815
vn 0.020746 0.923163 -0.383848
vn 0.020746 0.923163 -0.383848
vn 0.020746 0.923163 -0.383848
vn 0.020746 0.923163 -0.383848
vn -0.893416 0.351735 0.279446
vn -0.893416 0.351735 0.279446
vn -0.893416 0.351735 0.279446
vn -0.893416 0.351735 0.279446
vn -0.908393 0.064706 -0.413081
vn -0.908393 0.064706 -0.413081
vn -0.908393 0.064706 -0.413081
vn -0.908393 0.064706 -0.413081
vn -0.389086 -0.152366 -0.908514
vn -0.389086 -0.152366 -0.908514
vn -0.389086 -0.152366 -0.908514
vn -0.389086 -0.152366 -0.908514
vn 0.360495 -0.172798 -0.916615
vn 0.360495 -0.172798 -0.916616
vn 0.360495 -0.172798 -0.916615
vn 0.360495 -0.172798 -0.916616
vn 0.901475 0.016723 -0.432509
vn 0.901475 0.016723 -0.432509
vn 0.901475 0.016723 -0.432509
vn 0.901475 0.016723 -0.432509
vn 0.916631 0.303990 0.259572
vn 0.916631 0.303990 0.259572
vn 0.916631 0.303990 0.259572
vn 0.916631 0.303990 0.259572
vn 0.397112 0.521369 0.755299
vn 0.397112 0.521369 0.755299
vn 0.397112 0.521369 0.755299
vn 0.397112 0.521369 0.755299
vn -0.352436 0.541262 0.763429
vn -0.352436 0.541262 0.763429
vn -0.352436 0.541263 0.763429
vn -0.352436 0.541262 0.763429
vn -0.897812 -0.052877 0.437193
vn -0.897812 -0.052877 0.437193
vn -0.897812 -0.052877 0.437193
vn -0.897812 -0.052877 0.437193
vn -0.912338 -0.315616 -0.260816
vn -0.912338 -0.315616 -0.260816
vn -0.912339 -0.315616 -0.260816
vn -0.912338 -0.315616 -0.260816
vn -0.395112 -0.515156 -0.760592
vn -0.395112 -0.515156 -0.760592
vn -0.395112 -0.515156 -0.760592
vn -0.395112 -0.515156 -0.760592
vn 0.350645 -0.534955 -0.768681
vn 0.350645 -0.534955 -0.768681
vn 0.350645 -0.534955 -0.768681
vn 0.350645 -0.534955 -0.768681
vn 0.888320 -0.363820 -0.280219
vn 0.888320 -0.363820 -0.280219
vn 0.888320 -0.363820 -0.280219
vn 0.888320 -0.363820 -0.280219
vn 0.902718 -0.101860 0.418000
vn 0.902718 -0.101860 0.418000
vn 0.902718 -0.101860 0.418000
vn 0.902718 -0.101860 0.418000
vn 0.385842 0.098600 0.917281
vn 0.385842 0.098601 0.917281
vn 0.385842 0.098601 0.917281
vn 0.385842 0.098601 0.917281
vn -0.360070 0.118337 0.925390
vn -0.360070 0.118337 0.925390
vn -0.360070 0.118337 0.925390
vn -0.360070 0.118337 0.925390
vn -0.021390 -0.935711 0.352119
vn -0.021390 -0.935711 0.352119
vn -0.021390 -0.935711 0.352119
vn -0.021390 -0.935711 0.352119
vn -0.021556 -0.935762 0.351972
vn -0.021556 -0.935762 0.351972
vn -0.021556 -0.935762 0.351972
vn -0.021556 -0.935762 0.351972
vn -0.021234 -0.935735 0.352064
vn -0.021234 -0.935735 0.352064
vn -0.021234 -0.935735 0.352064
vn -0.021234 -0.935735 0.352064
vn -0.021264 -0.935771 0.351967
vn -0.021264 -0.935771 0.351967
vn -0.021264 -0.935771 0.351967
vn -0.021264 -0.935771 0.351967
vn -0.021365 -0.935745 0.352029
vn -0.021365 -0.935745 0.352029
vn -0.021365 -0.935745 0.352029
vn -0.021365 -0.935745 0.352029
vn -0.021331 -0.935750 0.352019
vn -0.021331 -0.935750 0.352019
vn -0.021331 -0.935750 0.352019
vn -0.021331 -0.935750 0.352019
vn -0.021390 -0.935812 0.351850
vn -0.021390 -0.935812 0.351850
vn -0.021390 -0.935812 0.351850
vn -0.021390 -0.935812 0.351850
vn -0.021172 -0.935917 0.351585
vn -0.021172 -0.935917 0.351585
vn -0.021172 -0.935917 0.351585
vn -0.021172 -0.935917 0.351585
vn 0.888348 -0.363483 -0.280568
vn 0.888348 -0.363483 -0.280568
vn 0.888348 -0.363483 -0.280568
vn 0.888348 -0.363483 -0.280568
vn 0.902865 -0.101132 0.417861
vn 0.902865 -0.101132 0.417861
vn 0.902865 -0.101132 0.417861
vn 0.902865 -0.101132 0.417861
vn 0.385840 0.098674 0.917274
vn 0.385840 0.098674 0.917274
vn 0.385840 0.098674 0.917274
vn 0.385840 0.098674 0.917274
vn -0.360036 0.118303 0.925407
vn -0.360036 0.118303 0.925407
vn -0.360036 0.118303 0.925407
vn -0.360036 0.118303 0.925407
vn -0.897802 -0.052669 0.437238
vn -0.897802 -0.052669 0.437238
vn -0.897802 -0.052669 0.437238
vn -0.897802 -0.052669 0.437238
vn -0.912479 -0.314645 -0.261496
vn -0.912479 -0.314645 -0.261496
vn -0.912479 -0.314645 -0.261496
vn -0.912479 -0.314645 -0.261496
vn -0.395094 -0.514707 -0.760906
vn -0.395094 -0.514707 -0.760906
vn -0.395094 -0.514707 -0.760906
vn -0.395094 -0.514707 -0.760906
vn 0.350675 -0.535062 -0.768594
vn 0.350675 -0.535062 -0.768593
vn 0.350675 -0.535062 -0.768593
vn 0.350675 -0.535062 -0.768593
vn 0.897810 0.052847 -0.437201
vn 0.897810 0.052847 -0.437201
vn 0.897810 0.052847 -0.437201
vn 0.897810 0.052847 -0.437201
vn 0.912472 0.314891 0.261225
vn 0.912472 0.314891 0.261225
vn 0.912472 0.314891 0.261225
vn 0.912472 0.314891 0.261225
vn 0.395251 0.514672 0.760848
vn 0.395251 0.514672 0.760848
vn 0.395251 0.514672 0.760848
vn 0.395251 0.514672 0.760848
vn -0.350598 0.535071 0.768622
vn -0.350598 0.535071 0.768622
vn -0.350598 0.535071 0.768622
vn -0.350598 0.535071 0.768622
vn -0.888337 0.363569 0.280492
vn -0.888337 0.363569 0.280492
vn -0.888337 0.363569 0.280492
vn -0.888337 0.363569 0.280492
vn -0.902866 0.101197 -0.417842
vn -0.902866 0.101197 -0.417842
vn -0.902866 0.101197 -0.417842
vn -0.902866 0.101197 -0.417842
vn -0.385778 -0.098837 -0.917282
vn -0.385778 -0.098837 -0.917282
vn -0.385778 -0.098837 -0.917282
vn -0.385778 -0.098837 -0.917282
vn 0.360098 -0.118158 -0.925402
vn 0.360098 -0.118158 -0.925402
vn 0.360098 -0.118158 -0.925402
vn 0.360098 -0.118158 -0.925402
vn 0.020694 0.935861 -0.351761
vn 0.020694 0.935861 -0.351761
vn 0.020694 0.935861 -0.351761
vn 0.020694 0.935861 -0.351761
vn 0.021013 0.935705 -0.352158
vn 0.021013 0.935705 -0.352158
vn 0.021013 0.935705 -0.352158
vn 0.021013 0.935705 -0.352158
vn 0.021218 0.935731 -0.352077
vn 0.021218 0.935731 -0.352077
vn 0.021218 0.935731 -0.352077
vn 0.021218 0.935731 -0.352077
vn 0.021391 0.935677 -0.352210
vn 0.021391 0.935677 -0.352210
vn 0.021391 0.935677 -0.352210
vn 0.021391 0.935677 -0.352210
vn 0.021243 0.935759 -0.351999
vn 0.021243 0.935759 -0.351999
vn 0.021243 0.935759 -0.351999
vn 0.021243 0.935759 -0.351999
vn 0.021286 0.935734 -0.352065
vn 0.021286 0.935734 -0.352065
vn 0.021286 0.935734 -0.352065
vn 0.021286 0.935734 -0.352065
vn 0.021226 0.935741 -0.352049
vn 0.021226 0.935741 -0.352050
vn 0.021226 0.935741 -0.352050
vn 0.021226 0.935741 -0.352049
vn 0.021249 0.935797 -0.351898
vn 0.021249 0.935797 -0.351898
vn 0.021249 0.935797 -0.351898
vn 0.021249 0.935797 -0.351898
vn -0.888323 0.363559 0.280547
vn -0.888323 0.363559 0.280547
vn -0.888323 0.363559 0.280547
vn -0.888323 0.363559 0.280547
vn -0.902870 0.101125 -0.417852
vn -0.902870 0.101125 -0.417852
vn -0.902870 0.101125 -0.417852
vn -0.902870 0.101125 -0.417852
vn -0.385806 -0.098322 -0.917326
vn -0.385806 -0.098322 -0.917326
vn -0.385806 -0.098322 -0.917326
vn -0.385806 -0.098322 -0.917326
vn 0.360054 -0.118620 -0.925359
vn 0.360054 -0.118620 -0.925359
vn 0.360054 -0.118620 -0.925359
vn 0.360054 -0.118620 -0.925359
vn 0.897802 0.053317 -0.437160
vn 0.897802 0.053317 -0.437160
vn 0.897802 0.053317 -0.437160
vn 0.897802 0.053317 -0.437160
vn 0.912228 0.315909 0.260847
vn 0.912228 0.315909 0.260847
vn 0.912228 0.315909 0.260847
vn 0.912228 0.315909 0.260847
vn 0.395338 0.514898 0.760650
vn 0.395338 0.514898 0.760650
vn 0.395338 0.514898 0.760650
vn 0.395338 0.514898 0.760650
vn -0.350578 0.535088 0.768619
vn -0.350578 0.535088 0.768619
vn -0.350578 0.535088 0.768619
vn -0.350578 0.535088 0.768619
vn -0.890676 -0.183435 0.415990
vn -0.890676 -0.183435 0.415990
vn -0.890676 -0.183435 0.415990
vn -0.890676 -0.183435 0.415990
vn -0.901478 -0.300471 -0.311537
vn -0.901478 -0.300471 -0.311537
vn -0.901478 -0.300471 -0.311537
vn -0.901478 -0.300471 -0.311537
vn -0.388192 -0.397036 -0.831667
vn -0.388192 -0.397036 -0.831667
vn -0.388192 -0.397036 -0.831667
vn -0.388192 -0.397036 -0.831667
vn 0.348533 -0.416342 -0.839753
vn 0.348533 -0.416342 -0.839752
vn 0.348533 -0.416342 -0.839753
vn 0.348533 -0.416342 -0.839752
vn 0.877368 -0.347720 -0.330631
vn 0.877368 -0.347720 -0.330631
vn 0.877368 -0.347720 -0.330631
vn 0.877368 -0.347720 -0.330631
vn 0.888157 -0.231447 0.397001
vn 0.888157 -0.231447 0.397001
vn 0.888157 -0.231447 0.397001
vn 0.888157 -0.231447 0.397001
vn 0.374935 -0.134994 0.917170
vn 0.374935 -0.134994 0.917170
vn 0.374935 -0.134994 0.917170
vn 0.374935 -0.134994 0.917170
vn -0.361768 -0.115091 0.925137
vn -0.361768 -0.115091 0.925137
vn -0.361768 -0.115091 0.925137
vn -0.361768 -0.115091 0.925137
vn -0.024734 -0.987035 0.158591
vn -0.024734 -0.987035 0.158591
vn -0.024734 -0.987035 0.158591
vn -0.024734 -0.987035 0.158591
vn -0.024734 -0.987034 0.158596
vn -0.024734 -0.987034 0.158596
vn -0.024734 -0.987034 0.158596
vn -0.024734 -0.987034 0.158596
vn -0.024741 -0.987037 0.158575
vn -0.024741 -0.987037 0.158575
vn -0.024741 -0.987037 0.158575
vn -0.024741 -0.987037 0.158575
vn -0.024717 -0.987037 0.158578
vn -0.024717 -0.987037 0.158578
vn -0.024717 -0.987037 0.158578
vn -0.024717 -0.987037 0.158578
vn -0.024735 -0.987033 0.158603
vn -0.024735 -0.987033 0.158603
vn -0.024735 -0.987033 0.158603
vn -0.024735 -0.987033 0.158603
vn -0.024729 -0.987034 0.158596
vn -0.024729 -0.987034 0.158596
vn -0.024729 -0.987034 0.158596
vn -0.024729 -0.987034 0.158596
vn -0.024708 -0.987025 0.158655
vn -0.024708 -0.987025 0.158655
vn -0.024708 -0.987025 0.158654
vn -0.024708 -0.987025 0.158655
vn -0.024735 -0.987025 0.158648
vn -0.024735 -0.987025 0.158648
vn -0.024735 -0.987025 0.158648
vn -0.024735 -0.987025 0.158648
vn 0.877260 -0.347749 -0.330887
vn 0.877260 -0.347749 -0.330886
vn 0.877260 -0.347749 -0.330886
vn 0.877260 -0.347749 -0.330887
vn 0.888077 -0.231859 0.396939
vn 0.888077 -0.231859 0.396939
vn 0.888077 -0.231859 0.396939
vn 0.888077 -0.231859 0.396939
vn 0.374865 -0.135176 0.917171
vn 0.374865 -0.135176 0.917171
vn 0.374866 -0.135176 0.917171
vn 0.374865 -0.135176 0.917171
vn -0.361880 -0.115127 0.925088
vn -0.361880 -0.115127 0.925088
vn -0.361880 -0.115127 0.925088
vn -0.361880 -0.115127 0.925088
vn -0.890565 -0.183436 0.416227
vn -0.890565 -0.183436 0.416227
vn -0.890565 -0.183436 0.416227
vn -0.890565 -0.183436 0.416227
vn -0.901475 -0.300473 -0.311544
vn -0.901475 -0.300472 -0.311544
vn -0.901475 -0.300472 -0.311544
vn -0.901475 -0.300472 -0.311544
vn -0.388321 -0.396737 -0.831749
vn -0.388321 -0.396737 -0.831749
vn -0.388321 -0.396737 -0.831749
vn -0.388321 -0.396737 -0.831749
vn 0.348495 -0.416622 -0.839629
vn 0.348495 -0.416622 -0.839629
vn 0.348495 -0.416622 -0.839629
vn 0.348495 -0.416622 -0.839629
vn 0.890454 0.184012 -0.416210
vn 0.890454 0.184012 -0.416210
vn 0.890454 0.184012 -0.416210
vn 0.890454 0.184012 -0.416210
vn 0.901513 0.300799 0.311118
vn 0.901513 0.300799 0.311118
vn 0.901513 0.300799 0.311118
vn 0.901513 0.300799 0.311118
vn 0.388218 0.396755 0.831789
vn 0.388218 0.396755 0.831789
vn 0.388218 0.396755 0.831789
vn 0.388218 0.396755 0.831789
vn -0.348486 0.416654 0.839617
vn -0.348486 0.416654 0.839617
vn -0.348486 0.416654 0.839617
vn -0.348486 0.416654 0.839617
vn -0.877255 0.347778 0.330870
vn -0.877255 0.347778 0.330870
vn -0.877255 0.347778 0.330870
vn -0.877255 0.347778 0.330870
vn -0.888146 0.231470 -0.397011
vn -0.888146 0.231470 -0.397011
vn -0.888146 0.231470 -0.397011
vn -0.888146 0.231470 -0.397011
vn -0.374925 0.135030 -0.917169
vn -0.374925 0.135030 -0.917169
vn -0.374925 0.135030 -0.917169
vn -0.374925 0.135030 -0.917169
vn 0.361898 0.115208 -0.925071
vn 0.361898 0.115208 -0.925071
vn 0.361898 0.115208 -0.925071
vn 0.361898 0.115208 -0.925071
vn 0.024791 0.987028 -0.158620
vn 0.024791 0.987028 -0.158620
vn 0.024791 0.987028 -0.158620
vn 0.024791 0.987028 -0.158620
vn 0.024716 0.987030 -0.158623
vn 0.024716 0.987030 -0.158623
vn 0.024716 0.987030 -0.158623
vn 0.024716 0.987030 -0.158623
vn 0.024681 0.987019 -0.158697
vn 0.024681 0.987019 -0.158698
vn 0.024681 0.987019 -0.158698
vn 0.024681 0.987019 -0.158698
vn 0.024732 0.987027 -0.158639
vn 0.024732 0.987027 -0.158639
vn 0.024732 0.987027 -0.158639
vn 0.024732 0.987027 -0.158639
vn 0.024728 0.987033 -0.158600
vn 0.024728 0.987033 -0.158600
vn 0.024728 0.987033 -0.158600
vn 0.024728 0.987033 -0.158600
vn 0.024738 0.987035 -0.158587
vn 0.024738 0.987035 -0.158587
vn 0.024738 0.987035 -0.158587
vn 0.024738 0.987035 -0.158587
vn 0.024728 0.987034 -0.158596
vn 0.024728 0.987034 -0.158596
vn 0.024728 0.987034 -0.158596
vn 0.024728 0.987034 -0.158596
vn 0.024746 0.987030 -0.158620
vn 0.024746 0.987030 -0.158620
vn 0.024746 0.987030 -0.158620
vn 0.024746 0.987030 -0.158620
vn -0.877350 0.347760 0.330635
vn -0.877350 0.347760 0.330635
vn -0.877350 0.347760 0.330635
vn -0.877350 0.347760 0.330635
vn -0.888158 0.231451 -0.396996
vn -0.888158 0.231451 -0.396996
vn -0.888158 0.231451 -0.396996
vn -0.888158 0.231451 -0.396996
vn -0.374841 0.135157 -0.917184
vn -0.374841 0.135157 -0.917184
vn -0.374841 0.135157 -0.917184
vn -0.374841 0.135157 -0.917184
vn 0.361829 0.114962 -0.925129
vn 0.361829 0.114962 -0.925129
vn 0.361829 0.114962 -0.925129
vn 0.361829 0.114962 -0.925129
vn 0.890529 0.183827 -0.416132
vn 0.890529 0.183827 -0.416132
vn 0.890529 0.183827 -0.416132
vn 0.890529 0.183827 -0.416132
vn 0.901329 0.300879 0.311573
vn 0.901329 0.300879 0.311573
vn 0.901329 0.300879 0.311573
vn 0.901329 0.300879 0.311573
vn 0.388259 0.396893 0.831704
vn 0.388259 0.396893 0.831704
vn 0.388259 0.396893 0.831704
vn 0.388259 0.396893 0.831704
vn -0.348457 0.416505 0.839703
vn -0.348457 0.416505 0.839703
vn -0.348457 0.416505 0.839703
vn -0.348457 0.416505 0.839703
vn -0.007520 0.117997 -0.992985
vn -0.007520 0.117997 -0.992985
vn -0.007520 0.117997 -0.992985
vn -0.007520 0.117997 -0.992985
vn 0.020365 0.918656 -0.394533
vn 0.020365 0.918656 -0.394533
vn 0.020365 0.918656 -0.394533
vn 0.020365 0.918656 -0.394533
vn 0.027881 0.800665 0.598463
vn 0.027881 0.800665 0.598463
vn 0.027881 0.800665 0.598463
vn 0.027881 0.800665 0.598463
vn 0.007523 -0.117989 0.992987
vn 0.007523 -0.117989 0.992987
vn 0.007523 -0.117989 0.992987
vn 0.007523 -0.117989 0.992987
vn -0.020359 -0.918658 0.394529
vn -0.020359 -0.918658 0.394529
vn -0.020359 -0.918658 0.394529
vn -0.020359 -0.918658 0.394529
vn -0.027880 -0.800671 -0.598455
vn -0.027880 -0.800671 -0.598455
vn -0.027880 -0.800671 -0.598455
vn -0.027880 -0.800671 -0.598455
vn -0.999584 0.026771 0.010752
vn -0.999583 0.026787 0.010745
vn -0.999582 0.026805 0.010809
vn -0.999583 0.026758 0.010858
vn -0.999580 0.026844 0.010922
vn -0.999580 0.026871 0.010826
vn -0.999583 0.026801 0.010755
vn 0.999584 -0.026771 -0.010752
vn 0.999589 -0.026828 -0.010085
vn 0.999593 -0.026496 -0.010528
vn 0.999603 -0.026204 -0.010328
vn 0.999591 -0.026452 -0.010840
vn 0.999593 -0.026514 -0.010504
vn 0.999600 -0.026209 -0.010659
vn 0.690926 0.065492 -0.719952
vn 0.690926 0.065492 -0.719952
vn 0.690926 0.065492 -0.719952
vn 0.690926 0.065492 -0.719952
vn 0.711514 0.640105 -0.289851
vn 0.711514 0.640105 -0.289851
vn 0.711514 0.640105 -0.289851
vn 0.711514 0.640105 -0.289851
vn 0.716879 0.555432 0.421402
vn 0.716879 0.555432 0.421402
vn 0.716879 0.555432 0.421402
vn 0.716879 0.555432 0.421402
vn 0.701733 -0.103458 0.704888
vn 0.701733 -0.103458 0.704888
vn 0.701733 -0.103458 0.704888
vn 0.701733 -0.103458 0.704888
vn 0.681758 -0.677502 0.276038
vn 0.681758 -0.677502 0.276038
vn 0.681758 -0.677502 0.276038
vn 0.681758 -0.677502 0.276038
vn 0.676341 -0.592768 -0.437252
vn 0.676341 -0.592768 -0.437252
vn 0.676341 -0.592768 -0.437252
vn 0.676341 -0.592768 -0.437252
vn -0.899059 -0.095978 0.427179
vn -0.899059 -0.095978 0.427179
vn -0.899059 -0.095978 0.427179
vn -0.899059 -0.095978 0.427179
vn -0.911914 -0.286614 -0.293710
vn -0.911914 -0.286614 -0.293710
vn -0.911914 -0.286614 -0.293710
vn -0.911914 -0.286614 -0.293710
vn -0.393669 -0.435428 -0.809585
vn -0.393669 -0.435428 -0.809585
vn -0.393669 -0.435428 -0.809585
vn -0.393669 -0.435428 -0.809585
vn 0.352174 -0.455418 -0.817660
vn 0.352174 -0.455418 -0.817660
vn 0.352174 -0.455418 -0.817660
vn 0.352174 -0.455418 -0.817660
vn 0.888756 -0.334553 -0.313349
vn 0.888756 -0.334553 -0.313349
vn 0.888756 -0.334553 -0.313349
vn 0.888756 -0.334553 -0.313349
vn 0.901828 -0.142607 0.407885
vn 0.901828 -0.142607 0.407885
vn 0.901828 -0.142607 0.407885
vn 0.901828 -0.142607 0.407885
vn 0.383444 0.005288 0.923549
vn 0.383444 0.005288 0.923549
vn 0.383444 0.005288 0.923549
vn 0.383444 0.005288 0.923549
vn -0.362546 0.025160 0.931626
vn -0.362546 0.025160 0.931626
vn -0.362546 0.025160 0.931626
vn -0.362546 0.025160 0.931626
vn -0.023042 -0.966437 0.255869
vn -0.023042 -0.966437 0.255869
vn -0.023042 -0.966437 0.255869
vn -0.023042 -0.966437 0.255869
vn -0.023033 -0.966403 0.255997
vn -0.023033 -0.966403 0.255997
vn -0.023033 -0.966403 0.255997
vn -0.023033 -0.966403 0.255997
vn -0.023179 -0.966434 0.255869
vn -0.023179 -0.966434 0.255869
vn -0.023179 -0.966434 0.255869
vn -0.023179 -0.966434 0.255869
vn -0.023098 -0.966422 0.255921
vn -0.023098 -0.966422 0.255921
vn -0.023098 -0.966422 0.255921
vn -0.023098 -0.966422 0.255921
vn -0.023135 -0.966416 0.255941
vn -0.023135 -0.966415 0.255941
vn -0.023135 -0.966416 0.255941
vn -0.023135 -0.966416 0.255941
vn -0.023077 -0.966410 0.255967
vn -0.023077 -0.966410 0.255967
vn -0.023077 -0.966410 0.255967
vn -0.023077 -0.966410 0.255967
vn -0.023096 -0.966387 0.256051
vn -0.023096 -0.966387 0.256051
vn -0.023096 -0.966387 0.256051
vn -0.023096 -0.966387 0.256051
vn -0.023140 -0.966399 0.256003
vn -0.023140 -0.966399 0.256003
vn -0.023140 -0.966399 0.256003
vn -0.023140 -0.966399 0.256003
vn 0.888913 -0.334129 -0.313354
vn 0.888913 -0.334129 -0.313354
vn 0.888913 -0.334129 -0.313354
vn 0.888914 -0.334129 -0.313354
vn 0.901505 -0.143883 0.408151
vn 0.901505 -0.143883 0.408151
vn 0.901505 -0.143883 0.408151
vn 0.901505 -0.143883 0.408151
vn 0.383474 0.005253 0.923537
vn 0.383474 0.005253 0.923537
vn 0.383474 0.005253 0.923537
vn 0.383474 0.005253 0.923537
vn -0.362480 0.024955 0.931657
vn -0.362480 0.024955 0.931657
vn -0.362480 0.024955 0.931657
vn -0.362480 0.024955 0.931657
vn -0.899059 -0.095554 0.427274
vn -0.899059 -0.095554 0.427274
vn -0.899059 -0.095554 0.427274
vn -0.899059 -0.095554 0.427274
vn -0.911923 -0.286276 -0.294012
vn -0.911923 -0.286276 -0.294012
vn -0.911923 -0.286276 -0.294012
vn -0.911923 -0.286276 -0.294012
vn -0.393687 -0.435127 -0.809738
vn -0.393687 -0.435127 -0.809738
vn -0.393687 -0.435127 -0.809738
vn -0.393687 -0.435127 -0.809738
vn 0.352145 -0.455244 -0.817770
vn 0.352145 -0.455244 -0.817770
vn 0.352145 -0.455244 -0.817770
vn 0.352145 -0.455244 -0.817769
vn 0.898926 0.095924 -0.427469
vn 0.898926 0.095924 -0.427469
vn 0.898926 0.095924 -0.427469
vn 0.898926 0.095924 -0.427469
vn 0.911934 0.286044 0.294202
vn 0.911934 0.286044 0.294202
vn 0.911934 0.286044 0.294202
vn 0.911934 0.286044 0.294202
vn 0.393584 0.435328 0.809680
vn 0.393584 0.435328 0.809680
vn 0.393584 0.435328 0.809680
vn 0.393584 0.435328 0.809680
vn -0.352328 0.455140 0.817749
vn -0.352328 0.455140 0.817749
vn -0.352328 0.455140 0.817749
vn -0.352328 0.455140 0.817749
vn -0.888764 0.334529 0.313352
vn -0.888764 0.334529 0.313352
vn -0.888764 0.334529 0.313352
vn -0.888764 0.334529 0.313352
vn -0.901622 0.143832 -0.407908
vn -0.901622 0.143832 -0.407908
vn -0.901622 0.143832 -0.407908
vn -0.901622 0.143832 -0.407908
vn -0.383246 -0.005011 -0.923633
vn -0.383246 -0.005011 -0.923633
vn -0.383246 -0.005011 -0.923633
vn -0.383246 -0.005011 -0.923633
vn 0.362658 -0.025156 -0.931583
vn 0.362658 -0.025156 -0.931583
vn 0.362658 -0.025156 -0.931583
vn 0.362658 -0.025156 -0.931583
vn 0.023132 0.966422 -0.255918
vn 0.023132 0.966422 -0.255918
vn 0.023132 0.966422 -0.255918
vn 0.023132 0.966422 -0.255918
vn 0.023214 0.966421 -0.255914
vn 0.023214 0.966421 -0.255914
vn 0.023214 0.966421 -0.255914
vn 0.023214 0.966421 -0.255914
vn 0.023172 0.966444 -0.255830
vn 0.023172 0.966444 -0.255830
vn 0.023172 0.966444 -0.255830
vn 0.023172 0.966444 -0.255830
vn 0.023081 0.966465 -0.255758
vn 0.023081 0.966465 -0.255758
vn 0.023081 0.966465 -0.255758
vn 0.023081 0.966465 -0.255758
vn 0.022834 0.966453 -0.255827
vn 0.022834 0.966453 -0.255827
vn 0.022834 0.966453 -0.255827
vn 0.022834 0.966453 -0.255827
vn 0.023053 0.966401 -0.256003
vn 0.023053 0.966401 -0.256003
vn 0.023053 0.966401 -0.256003
vn 0.023053 0.966401 -0.256003
vn 0.023146 0.966428 -0.255895
vn 0.023146 0.966428 -0.255895
vn 0.023146 0.966428 -0.255895
vn 0.023146 0.966428 -0.255895
vn 0.023109 0.966406 -0.255980
vn 0.023109 0.966406 -0.255980
vn 0.023109 0.966406 -0.255980
vn 0.023109 0.966406 -0.255980
vn -0.888571 0.335262 0.313115
vn -0.888571 0.335262 0.313115
vn -0.888571 0.335262 0.313115
vn -0.888571 0.335262 0.313115
vn -0.901434 0.144596 -0.408055
vn -0.901434 0.144596 -0.408055
vn -0.901434 0.144596 -0.408055
vn -0.901434 0.144596 -0.408055
vn -0.383327 -0.005149 -0.923598
vn -0.383327 -0.005149 -0.923598
vn -0.383327 -0.005149 -0.923598
vn -0.383327 -0.005149 -0.923598
vn 0.362630 -0.025034 -0.931597
vn 0.362630 -0.025034 -0.931597
vn 0.362631 -0.025034 -0.931597
vn 0.362631 -0.025034 -0.931597
vn 0.898910 0.095490 -0.427601
vn 0.898910 0.095490 -0.427601
vn 0.898910 0.095490 -0.427601
vn 0.898910 0.095490 -0.427601
vn 0.911928 0.285976 0.294287
vn 0.911928 0.285976 0.294287
vn 0.911928 0.285976 0.294287
vn 0.911928 0.285976 0.294287
vn 0.393608 0.435321 0.809672
vn 0.393608 0.435321 0.809672
vn 0.393608 0.435321 0.809672
vn 0.393608 0.435321 0.809672
vn -0.352272 0.455250 0.817711
vn -0.352272 0.455250 0.817711
vn -0.352272 0.455250 0.817711
vn -0.352272 0.455250 0.817711
vn -0.007514 0.117986 -0.992987
vn -0.007514 0.117986 -0.992987
vn -0.007514 0.117986 -0.992987
vn -0.007514 0.117986 -0.992987
vn 0.020364 0.918661 -0.394521
vn 0.020364 0.918661 -0.394521
vn 0.020364 0.918661 -0.394521
vn 0.020364 0.918661 -0.394521
vn 0.027877 0.800667 0.598461
vn 0.027877 0.800667 0.598461
vn 0.027877 0.800667 0.598461
vn 0.027877 0.800667 0.598461
vn 0.007522 -0.117992 0.992986
vn 0.007522 -0.117992 0.992986
vn 0.007522 -0.117992 0.992986
vn 0.007522 -0.117992 0.992986
vn -0.020352 -0.918654 0.394538
vn -0.020352 -0.918654 0.394538
vn -0.020352 -0.918654 0.394538
vn -0.020352 -0.918654 0.394538
vn -0.027877 -0.800670 -0.598457
vn -0.027877 -0.800670 -0.598457
vn -0.027877 -0.800670 -0.598457
vn -0.027877 -0.800670 -0.598457
vn -0.999576 0.027125 0.010586
vn -0.999569 0.027272 0.010911
vn -0.999580 0.026945 0.010672
vn -0.999587 0.026793 0.010354
vn -0.999591 0.026622 0.010441
vn -0.999584 0.026771 0.010752
vn -0.999573 0.027089 0.010990
vn 0.999577 -0.026894 -0.011074
vn 0.999586 -0.026565 -0.011028
vn 0.999581 -0.026877 -0.010764
vn 0.999592 -0.026406 -0.010909
vn 0.999580 -0.026954 -0.010673
vn 0.999573 -0.027331 -0.010311
vn 0.999576 -0.027112 -0.010592
vn 0.999890 -0.008612 -0.012116
vn 0.999890 -0.008612 -0.012116
vn 0.999890 -0.008612 -0.012116
vn 0.999890 -0.008612 -0.012116
vn 0.488807 -0.066513 -0.869853
vn 0.488807 -0.066513 -0.869853
vn 0.488807 -0.066513 -0.869853
vn 0.488807 -0.066513 -0.869853
vn -0.510249 -0.039755 -0.859107
vn -0.510249 -0.039755 -0.859107
vn -0.510249 -0.039755 -0.859107
vn -0.510249 -0.039755 -0.859107
vn -0.998950 0.044896 0.009166
vn -0.998950 0.044896 0.009166
vn -0.998950 0.044896 0.009166
vn -0.998950 0.044896 0.009166
vn -0.487742 0.102773 0.866917
vn -0.487742 0.102773 0.866917
vn -0.487742 0.102773 0.866917
vn -0.487742 0.102773 0.866917
vn 0.511160 0.076019 0.856117
vn 0.511160 0.076019 0.856117
vn 0.511160 0.076019 0.856117
vn 0.511160 0.076019 0.856117
vn -0.026268 -0.998697 0.043758
vn -0.026268 -0.998697 0.043758
vn -0.026271 -0.998697 0.043759
vn -0.026271 -0.998697 0.043759
vn -0.026273 -0.998697 0.043761
vn -0.026273 -0.998697 0.043761
vn 0.017749 0.860970 -0.508345
vn 0.017872 0.861011 -0.508272
vn 0.017872 0.861011 -0.508272
vn 0.017748 0.860970 -0.508345
vn 0.017624 0.860929 -0.508420
vn 0.017624 0.860929 -0.508420
vn 0.000000 0.000000 0.000000
vn 0.000000 0.000000 0.000000
vn 0.000000 0.000000 0.000000
vn 0.000000 0.000000 0.000000
vn 0.000000 0.000000 0.000000
vn 0.000000 0.000000 0.000000
vn 0.000000 0.000000 0.000000
vn 0.000000 0.000000 0.000000
vn 0.000000 0.000000 0.000000
vn 0.000000 0.000000 0.000000
vn 0.000000 0.000000 0.000000
vn 0.000000 0.000000 0.000000
vn 0.000000 0.000000 0.000000
vn 0.000000 0.000000 0.000000
vn 0.000000 0.000000 0.000000
vn 0.000000 0.000000 0.000000
vn 0.000000 0.000000 0.000000
vn 0.000000 0.000000 0.000000
vn 0.000000 0.000000 0.000000
vn 0.000000 0.000000 0.000000
vn 0.000000 0.000000 0.000000
vn 0.000000 0.000000 0.000000
vn 0.000000 0.000000 0.000000
vn 0.000000 0.000000 0.000000
vn 0.934152 -0.356835 0.005437
vn 0.934152 -0.356835 0.005437
vn 0.934152 -0.356835 0.005437
vn 0.934152 -0.356835 0.005437
vn 0.452748 -0.383137 -0.805125
vn 0.452748 -0.383137 -0.805125
vn 0.452748 -0.383137 -0.805125
vn 0.452748 -0.383137 -0.805125
vn -0.489778 -0.357868 -0.795014
vn -0.489778 -0.357868 -0.795014
vn -0.489778 -0.357868 -0.795014
vn -0.489778 -0.357868 -0.795014
vn -0.951588 -0.306300 0.025685
vn -0.951589 -0.306300 0.025685
vn -0.951589 -0.306300 0.025685
vn -0.951589 -0.306300 0.025685
vn -0.470462 -0.279983 0.836824
vn -0.470462 -0.279983 0.836824
vn -0.470462 -0.279983 0.836824
vn -0.470462 -0.279983 0.836824
vn 0.472656 -0.305298 0.826673
vn 0.472657 -0.305298 0.826674
vn 0.472657 -0.305298 0.826674
vn 0.472657 -0.305298 0.826674
vn 0.999582 -0.026823 -0.010830
vn 0.999582 -0.026823 -0.010830
vn 0.999582 -0.026823 -0.010830
vn 0.999582 -0.026823 -0.010830
vn 0.487754 -0.118351 -0.864921
vn 0.487754 -0.118351 -0.864921
vn 0.487754 -0.118351 -0.864921
vn 0.487754 -0.118351 -0.864921
vn -0.511858 -0.091620 -0.854171
vn -0.511858 -0.091620 -0.854171
vn -0.511858 -0.091620 -0.854171
vn -0.511858 -0.091620 -0.854171
vn -0.999584 0.026799 0.010657
vn -0.999584 0.026799 0.010657
vn -0.999584 0.026799 0.010657
vn -0.999584 0.026799 0.010657
vn -0.487693 0.118403 0.864949
vn -0.487693 0.118403 0.864949
vn -0.487693 0.118403 0.864949
vn -0.487693 0.118403 0.864949
vn 0.511841 0.091572 0.854186
vn 0.511841 0.091572 0.854186
vn 0.511841 0.091572 0.854186
vn 0.511841 0.091572 0.854186
vn 0.445142 0.887397 -0.119897
vn 0.445142 0.887397 -0.119897
vn 0.445142 0.887397 -0.119897
vn 0.445142 0.887397 -0.119897
vn 0.228380 0.847265 -0.479567
vn 0.228380 0.847265 -0.479567
vn 0.228380 0.847265 -0.479567
vn 0.228380 0.847265 -0.479567
vn -0.192920 0.858539 -0.475072
vn -0.192920 0.858539 -0.475072
vn -0.192920 0.858539 -0.475072
vn -0.192920 0.858539 -0.475072
vn -0.399845 0.909880 -0.110650
vn -0.399845 0.909880 -0.110650
vn -0.399845 0.909880 -0.110650
vn -0.399845 0.909880 -0.110650
vn -0.183884 0.950305 0.251212
vn -0.183884 0.950305 0.251212
vn -0.183884 0.950305 0.251212
vn -0.183884 0.950305 0.251212
vn 0.239683 0.939044 0.246474
vn 0.239683 0.939043 0.246474
vn 0.239683 0.939044 0.246474
vn 0.239683 0.939043 0.246474
vn 0.999690 -0.022034 -0.011590
vn 0.999690 -0.022034 -0.011590
vn 0.999689 -0.022042 -0.011650
vn 0.999689 -0.022042 -0.011650
vn 0.487061 -0.140045 -0.862067
vn 0.487061 -0.140045 -0.862067
vn 0.486635 -0.160445 -0.858745
vn 0.486635 -0.160444 -0.858745
vn -0.512277 -0.113280 -0.851316
vn -0.512277 -0.113280 -0.851316
vn -0.512928 -0.133660 -0.847962
vn -0.512928 -0.133661 -0.847962
vn -0.999452 0.031553 0.010029
vn -0.999452 0.031553 0.010029
vn -0.999454 0.031523 0.009913
vn -0.999454 0.031523 0.009913
vn -0.486778 0.149582 0.860624
vn -0.486778 0.149582 0.860624
vn -0.486385 0.169925 0.857062
vn -0.486385 0.169925 0.857062
vn 0.512521 0.122791 0.849850
vn 0.512521 0.122791 0.849850
vn 0.513169 0.143139 0.846268
vn 0.513169 0.143138 0.846268
vn 0.992546 0.092459 -0.079399
vn 0.992546 0.092459 -0.079399
vn 0.992546 0.092459 -0.079399
vn 0.992546 0.092459 -0.079399
vn 0.478209 -0.327351 -0.814958
vn 0.478209 -0.327351 -0.814958
vn 0.478209 -0.327351 -0.814958
vn 0.478209 -0.327351 -0.814958
vn -0.511983 -0.300994 -0.804535
vn -0.511983 -0.300994 -0.804535
vn -0.511983 -0.300994 -0.804535
vn -0.511983 -0.300994 -0.804535
vn -0.987651 0.145668 -0.057680
vn -0.987651 0.145668 -0.057680
vn -0.987651 0.145668 -0.057680
vn -0.987651 0.145668 -0.057680
vn -0.473023 0.564607 0.676364
vn -0.473023 0.564607 0.676364
vn -0.473023 0.564607 0.676364
vn -0.473023 0.564607 0.676364
vn 0.517336 0.537897 0.665605
vn 0.517336 0.537897 0.665605
vn 0.517336 0.537897 0.665605
vn 0.517336 0.537897 0.665605
vn -0.999466 0.031346 0.009251
vn -0.999466 0.031346 0.009251
vn -0.999470 0.031270 0.009057
vn -0.999470 0.031270 0.009057
vn -0.515906 -0.258536 -0.816701
vn -0.515906 -0.258535 -0.816701
vn -0.516794 -0.298934 -0.802223
vn -0.516794 -0.298934 -0.802223
vn 0.483597 -0.285312 -0.827485
vn 0.483597 -0.285313 -0.827484
vn 0.482749 -0.325679 -0.812949
vn 0.482749 -0.325679 -0.812949
vn 0.999678 -0.022210 -0.012302
vn 0.999678 -0.022210 -0.012302
vn 0.999670 -0.022335 -0.012663
vn 0.999670 -0.022335 -0.012663
vn 0.516157 0.267644 0.813602
vn 0.516157 0.267645 0.813602
vn 0.517080 0.307876 0.798650
vn 0.517080 0.307878 0.798649
vn -0.483340 0.294448 0.824429
vn -0.483340 0.294448 0.824429
vn -0.482410 0.334665 0.809494
vn -0.482410 0.334665 0.809494
vn -0.513962 -0.175798 -0.839606
vn -0.513962 -0.175798 -0.839606
vn -0.514937 -0.217460 -0.829187
vn -0.514937 -0.217461 -0.829187
vn 0.485591 -0.202577 -0.850391
vn 0.485591 -0.202577 -0.850391
vn 0.484588 -0.244239 -0.839953
vn 0.484588 -0.244238 -0.839954
vn 0.999685 -0.022096 -0.011887
vn 0.999685 -0.022096 -0.011887
vn 0.999681 -0.022154 -0.012113
vn 0.999681 -0.022154 -0.012113
vn 0.514169 0.185188 0.837458
vn 0.514169 0.185189 0.837458
vn 0.515130 0.226726 0.826582
vn 0.515130 0.226725 0.826582
vn -0.485375 0.211954 0.848225
vn -0.485375 0.211953 0.848226
vn -0.484371 0.253502 0.837330
vn -0.484371 0.253502 0.837330
vn -0.999458 0.031466 0.009681
vn -0.999458 0.031466 0.009681
vn -0.999462 0.031409 0.009455
vn -0.999462 0.031409 0.009455
vn -0.517656 -0.338530 -0.785767
vn -0.517655 -0.338529 -0.785768
vn -0.518504 -0.377226 -0.767368
vn -0.518504 -0.377225 -0.767369
vn 0.481943 -0.365266 -0.796437
vn 0.481943 -0.365267 -0.796436
vn 0.481066 -0.403973 -0.778063
vn 0.481066 -0.403972 -0.778063
vn 0.999668 -0.022384 -0.012774
vn 0.999668 -0.022384 -0.012774
vn 0.999671 -0.022325 -0.012635
vn 0.999671 -0.022326 -0.012635
vn 0.517947 0.347281 0.781746
vn 0.517947 0.347285 0.781744
vn 0.518833 0.385749 0.762896
vn 0.518833 0.385749 0.762896
vn -0.481559 0.374075 0.792571
vn -0.481559 0.374074 0.792572
vn -0.480777 0.412559 0.773724
vn -0.480777 0.412561 0.773723
vn -0.999478 0.031126 0.008712
vn -0.999478 0.031126 0.008712
vn -0.999484 0.031006 0.008440
vn -0.999484 0.031006 0.008440
vn -0.999484 0.030994 0.008431
vn -0.999484 0.030994 0.008431
vn -0.518814 -0.397689 -0.756753
vn -0.518814 -0.397689 -0.756753
vn 0.480476 -0.424427 -0.767466
vn 0.480476 -0.424427 -0.767466
vn 0.999672 -0.022302 -0.012622
vn 0.999672 -0.022302 -0.012622
vn 0.519166 0.406087 0.752037
vn 0.519166 0.406087 0.752037
vn -0.480298 0.432881 0.762842
vn -0.480298 0.432881 0.762842
vn -0.999851 0.001019 -0.017258
vn -0.999851 0.001019 -0.017258
vn -0.999676 0.012445 -0.022216
vn -0.999676 0.012445 -0.022216
vn -0.432176 0.665522 -0.608527
vn -0.432176 0.665522 -0.608527
vn -0.444928 0.822273 -0.354832
vn -0.445243 0.815939 -0.368785
vn 0.455112 0.668017 -0.588750
vn 0.455112 0.668017 -0.588750
vn 0.481413 0.812692 -0.328289
vn 0.481110 0.806987 -0.342499
vn 0.999845 -0.001344 0.017550
vn 0.999845 -0.001344 0.017550
vn 0.999672 -0.012471 0.022384
vn 0.999672 -0.012471 0.022384
vn 0.432176 -0.668822 0.604898
vn 0.432176 -0.668822 0.604898
vn 0.445143 -0.818759 0.362605
vn 0.444903 -0.823469 0.352079
vn -0.455094 -0.664778 0.592419
vn -0.455094 -0.664778 0.592419
vn -0.481127 -0.805846 0.345150
vn -0.481355 -0.810194 0.334490
vn -0.999071 0.035703 -0.024145
vn -0.999071 0.035703 -0.024145
vn -0.437498 0.873709 0.212670
vn -0.437563 0.877172 0.197759
vn 0.488230 0.838809 0.240895
vn 0.488184 0.842932 0.226147
vn 0.999079 -0.035448 0.024201
vn 0.999078 -0.035448 0.024201
vn 0.437512 -0.875705 -0.204264
vn 0.437466 -0.873036 -0.215479
vn -0.488179 -0.843678 -0.223360
vn -0.488214 -0.840634 -0.234482
vn -0.998416 0.055078 -0.011500
vn -0.998416 0.055079 -0.011500
vn -0.440477 0.569166 0.694284
vn -0.440263 0.581002 0.684547
vn 0.484529 0.513134 0.708466
vn 0.484761 0.525379 0.699274
vn 0.998422 -0.054959 0.011542
vn 0.998422 -0.054959 0.011542
vn 0.440367 -0.575795 -0.688867
vn 0.440530 -0.566878 -0.696120
vn -0.484819 -0.527730 -0.697461
vn -0.484648 -0.518557 -0.704425
vn -0.997976 0.062759 0.010221
vn -0.997976 0.062759 0.010221
vn -0.452677 0.034498 0.891007
vn -0.452272 0.049774 0.890490
vn 0.471839 -0.029701 0.881184
vn 0.472252 -0.014417 0.881346
vn 0.997976 -0.062763 -0.010204
vn 0.997976 -0.062763 -0.010204
vn 0.452462 -0.043128 -0.890740
vn 0.452769 -0.031609 -0.891067
vn -0.472398 0.011534 -0.881310
vn -0.472087 0.023047 -0.881251
vn -0.997930 0.055688 0.032176
vn -0.997930 0.055688 0.032176
vn -0.469043 -0.509282 0.721547
vn -0.468612 -0.496839 0.730448
vn 0.455421 -0.565452 0.687645
vn 0.455848 -0.553405 0.697098
vn 0.997930 -0.055693 -0.032168
vn 0.997930 -0.055693 -0.032169
vn 0.468900 0.502230 -0.726565
vn 0.469226 0.511559 -0.719815
vn -0.455927 0.551128 -0.698848
vn -0.455604 0.560241 -0.691777
vn -0.998300 0.036587 0.045373
vn -0.998300 0.036587 0.045373
vn -0.482858 -0.837462 0.255940
vn -0.482578 -0.832998 0.270616
vn 0.442034 -0.872592 0.207819
vn 0.442297 -0.868786 0.222676
vn 0.998293 -0.036728 -0.045411
vn 0.998293 -0.036728 -0.045411
vn 0.482701 0.835038 -0.264029
vn 0.482903 0.838329 -0.253002
vn -0.442391 0.867984 -0.225596
vn -0.442195 0.870900 -0.214470
vn -0.998935 0.013352 0.044174
vn -0.998935 0.013352 0.044173
vn -0.488356 -0.814418 -0.313419
vn -0.488344 -0.819802 -0.299072
vn 0.437241 -0.824196 -0.359891
vn 0.437234 -0.830208 -0.345806
vn 0.998927 -0.013608 -0.044270
vn 0.998927 -0.013609 -0.044270
vn 0.488222 0.817538 0.305403
vn 0.488229 0.813432 0.316166
vn -0.437338 0.831281 0.343086
vn -0.437342 0.826812 0.353714
vn -0.999571 -0.004211 0.029001
vn -0.999571 -0.004211 0.029001
vn -0.483278 -0.449660 -0.751165
vn -0.483537 -0.462649 -0.743067
vn 0.442984 -0.440303 -0.780960
vn 0.442710 -0.453645 -0.773443
vn 0.999570 0.004100 -0.029052
vn 0.999570 0.004100 -0.029052
vn 0.483431 0.457062 0.746585
vn 0.483240 0.447257 0.752622
vn -0.442688 0.456096 0.772013
vn -0.442890 0.446087 0.777724
vn -0.999942 -0.008884 0.006141
vn -0.999942 -0.008884 0.006141
vn -0.469738 0.106079 -0.876409
vn -0.470160 0.090841 -0.877894
vn 0.456920 0.120435 -0.881317
vn 0.456492 0.105278 -0.883477
vn 0.999940 0.008970 -0.006235
vn 0.999940 0.008970 -0.006234
vn 0.470107 -0.097520 0.877206
vn 0.469790 -0.108962 0.876028
vn -0.456328 -0.102430 0.883897
vn -0.456647 -0.113835 0.882335
vn -0.999891 0.001190 -0.014706
vn -0.999891 0.001190 -0.014706
vn -0.453325 0.623091 -0.637381
vn -0.453734 0.611914 -0.647832
vn 0.473287 0.626290 -0.619484
vn 0.472884 0.615579 -0.630430
vn 0.999894 -0.001024 0.014528
vn 0.999894 -0.001024 0.014528
vn 0.453661 -0.616815 0.643220
vn 0.453351 -0.625186 0.635307
vn -0.472721 -0.613526 0.632551
vn -0.473026 -0.621632 0.624355
vn -0.999452 0.021733 -0.024984
vn -0.999452 0.021733 -0.024984
vn -0.440863 0.887680 -0.132903
vn -0.441088 0.885177 -0.147996
vn 0.485258 0.868204 -0.103667
vn 0.485050 0.866370 -0.118863
vn 0.999455 -0.021665 0.024904
vn 0.999455 -0.021665 0.024904
vn 0.441007 -0.886302 0.141357
vn 0.440837 -0.888126 0.129982
vn -0.485046 -0.865963 0.121813
vn -0.485208 -0.867405 0.110375
vn -0.998803 0.044299 -0.020720
vn -0.998803 0.044299 -0.020720
vn -0.437467 0.790521 0.428602
vn -0.437418 0.797714 0.415113
vn 0.487927 0.746203 0.452890
vn 0.487996 0.753989 0.439728
vn 0.998803 -0.044312 0.020714
vn 0.998803 -0.044312 0.020714
vn 0.437405 -0.794618 -0.421022
vn 0.437444 -0.789141 -0.431161
vn -0.488137 -0.755370 -0.437194
vn -0.488087 -0.749557 -0.447142
vn -0.998205 0.059779 -0.003618
vn -0.998205 0.059779 -0.003618
vn -0.444478 0.371777 0.814998
vn -0.444173 0.385712 0.808664
vn 0.480274 0.310612 0.820279
vn 0.480592 0.324839 0.814562
vn 0.998204 -0.059799 0.003735
vn 0.998204 -0.059798 0.003735
vn 0.444267 -0.379629 -0.811486
vn 0.444498 -0.369109 -0.816199
vn -0.480731 -0.327483 -0.813421
vn -0.480490 -0.316820 -0.817774
vn -0.997906 0.061667 0.019520
vn -0.997906 0.061666 0.019520
vn -0.459131 -0.195441 0.866603
vn -0.458689 -0.180505 0.870070
vn 0.465305 -0.258512 0.846560
vn 0.465749 -0.243753 0.850683
vn 0.997907 -0.061714 -0.019306
vn 0.997907 -0.061714 -0.019306
vn 0.458795 0.187121 -0.868616
vn 0.459125 0.198328 -0.865950
vn -0.465918 0.240874 -0.851411
vn -0.465586 0.251989 -0.848370
vn -0.998038 0.048934 0.039049
vn -0.998038 0.048934 0.039048
vn -0.475333 -0.676826 0.562107
vn -0.474943 -0.667113 0.573924
vn 0.449253 -0.725811 0.520932
vn 0.449633 -0.716617 0.533189
vn 0.998044 -0.048890 -0.038965
vn 0.998044 -0.048890 -0.038965
vn 0.475071 0.671386 -0.568813
vn 0.475366 0.678646 -0.559881
vn -0.449795 0.714821 -0.535458
vn -0.449507 0.721782 -0.526284
vn -0.998544 0.026899 0.046751
vn -0.998544 0.026899 0.046751
vn -0.486401 -0.873305 0.027423
vn -0.486218 -0.872792 0.042742
vn 0.438743 -0.898340 -0.022128
vn 0.438907 -0.898507 -0.006802
vn 0.998547 -0.026779 -0.046758
vn 0.998547 -0.026779 -0.046758
vn 0.486311 0.873044 -0.036000
vn 0.486447 0.873367 -0.024480
vn -0.439024 0.898467 0.003871
vn -0.438899 0.898405 0.015401
vn -0.999214 0.004896 0.039338
vn -0.999214 0.004896 0.039338
vn -0.487790 -0.703737 -0.516542
vn -0.487890 -0.712635 -0.504098
vn 0.438081 -0.704730 -0.558069
vn 0.437962 -0.714173 -0.546028
vn 0.999214 -0.004844 -0.039336
vn 0.999214 -0.004843 -0.039336
vn 0.487822 0.708757 0.509602
vn 0.487743 0.702002 0.518941
vn -0.438058 0.715908 0.543674
vn -0.438147 0.708852 0.552772
vn -0.999765 -0.008017 0.020126
vn -0.999765 -0.008017 0.020126
vn -0.478844 -0.238160 -0.844978
vn -0.479188 -0.252788 -0.840522
vn 0.447630 -0.225007 -0.865447
vn 0.447273 -0.239834 -0.861642
vn 0.999766 0.008014 -0.020118
vn 0.999766 0.008014 -0.020118
vn 0.478979 0.246410 0.842533
vn 0.478720 0.235381 0.845827
vn -0.447348 0.242610 0.860825
vn -0.447615 0.231479 0.863747
vn -0.999974 -0.006741 -0.002657
vn -0.999974 -0.006741 -0.002656
vn -0.463229 0.330982 -0.822113
vn -0.463673 0.316657 -0.827488
vn 0.463469 0.342589 -0.817209
vn 0.463025 0.328512 -0.823218
vn 0.999974 0.006730 0.002681
vn 0.999974 0.006730 0.002681
vn 0.463486 -0.322893 0.825180
vn 0.463153 -0.333658 0.821074
vn -0.463032 -0.325840 0.824275
vn -0.463365 -0.336474 0.819804
vn -0.999766 0.007989 -0.020082
vn -0.999766 0.007990 -0.020082
vn -0.447374 0.768552 -0.457366
vn -0.447736 0.760450 -0.470370
vn 0.479070 0.763371 -0.433309
vn 0.478720 0.755863 -0.446652
vn 0.999765 -0.008137 0.020090
vn 0.999765 -0.008136 0.020089
vn 0.447754 -0.763902 0.464727
vn 0.447488 -0.769935 0.454923
vn -0.478647 -0.754442 0.449125
vn -0.478908 -0.760154 0.439105
vn -0.999222 0.030382 -0.025154
vn -0.999222 0.030383 -0.025154
vn -0.437919 0.893609 0.098438
vn -0.438042 0.895100 0.083163
vn 0.487909 0.863508 0.127668
vn 0.487806 0.865674 0.112488
vn 0.999215 -0.030642 0.025124
vn 0.999215 -0.030641 0.025124
vn 0.438253 -0.894345 -0.089896
vn 0.438161 -0.893163 -0.101366
vn -0.487731 -0.866093 -0.109552
vn -0.487812 -0.864525 -0.120979
vn -0.998554 0.051538 -0.015277
vn -0.998554 0.051537 -0.015277
vn -0.438849 0.654489 0.615674
vn -0.438682 0.664942 0.604491
vn 0.486257 0.601623 0.633722
vn 0.486442 0.612565 0.623007
vn 0.998548 -0.051656 0.015264
vn 0.998548 -0.051656 0.015264
vn 0.438898 -0.660292 -0.609412
vn 0.439021 -0.652376 -0.617791
vn -0.486488 -0.614655 -0.620910
vn -0.486352 -0.606471 -0.629011
vn -0.998044 0.062262 0.005648
vn -0.998044 0.062262 0.005648
vn -0.449641 0.149975 0.880529
vn -0.449259 0.165066 0.878020
vn 0.474937 0.086011 0.875806
vn 0.475329 0.101196 0.873969
vn 0.998041 -0.062314 -0.005539
vn 0.998041 -0.062314 -0.005539
vn 0.449506 -0.158512 -0.879101
vn 0.449796 -0.147141 -0.880927
vn -0.475358 -0.104019 -0.873622
vn -0.475061 -0.092603 -0.875067
vn -0.997788 0.064016 0.017931
vn -0.997788 0.064016 0.017931
vn -0.437560 -0.133606 0.889208
vn -0.437560 -0.133606 0.889208
vn 0.447677 -0.195977 0.872455
vn 0.447677 -0.195977 0.872455
vn 0.997784 -0.064124 -0.017730
vn 0.997784 -0.064124 -0.017730
vn 0.437805 0.138377 -0.888357
vn 0.437805 0.138377 -0.888357
vn -0.447686 0.191210 -0.873508
vn -0.447686 0.191210 -0.873508
vn 0.028620 0.871324 0.489873
vn 0.028613 0.871322 0.489876
vn 0.028613 0.871322 0.489876
vn 0.028620 0.871324 0.489873
vn 0.028597 0.871322 0.489878
vn 0.028602 0.871324 0.489875
vn 0.028596 0.871323 0.489877
vn -0.027373 -0.762528 -0.646376
vn -0.027373 -0.762528 -0.646376
vn -0.027373 -0.762528 -0.646376
vn -0.027373 -0.762528 -0.646376
vn -0.012920 -0.082121 -0.996539
vn -0.012920 -0.082121 -0.996539
vn -0.012920 -0.082121 -0.996539
vn -0.012920 -0.082121 -0.996539
vn 0.009105 0.646397 -0.762947
vn 0.009105 0.646397 -0.762947
vn 0.009105 0.646397 -0.762947
vn 0.009105 0.646397 -0.762947
vn 0.025794 0.996263 -0.082435
vn 0.025794 0.996263 -0.082435
vn 0.025794 0.996263 -0.082435
vn 0.025794 0.996263 -0.082435
vn 0.027374 0.762531 0.646372
vn 0.027374 0.762531 0.646372
vn 0.027374 0.762531 0.646372
vn 0.027374 0.762531 0.646372
vn 0.012918 0.082120 0.996539
vn 0.012918 0.082120 0.996539
vn 0.012918 0.082120 0.996539
vn 0.012918 0.082120 0.996539
vn -0.009107 -0.646397 0.762947
vn -0.009107 -0.646397 0.762947
vn -0.009107 -0.646397 0.762947
vn -0.009107 -0.646397 0.762947
vn -0.025789 -0.996262 0.082439
vn -0.025789 -0.996262 0.082439
vn -0.025789 -0.996262 0.082439
vn -0.025789 -0.996262 0.082439
vn -0.999581 0.026887 0.010739
vn -0.999581 0.026887 0.010739
vn -0.999581 0.026893 0.010744
vn -0.999581 0.026893 0.010744
vn 0.999585 -0.026723 -0.010756
vn 0.999585 -0.026723 -0.010756
vn 0.999580 -0.026903 -0.010741
vn 0.999580 -0.026903 -0.010741
vn 0.644377 -0.587230 -0.489835
vn 0.644377 -0.587230 -0.489835
vn 0.644377 -0.587230 -0.489835
vn 0.644377 -0.587230 -0.489835
vn -0.685177 -0.551746 -0.475509
vn -0.685177 -0.551746 -0.475509
vn -0.685177 -0.551746 -0.475509
vn -0.685177 -0.551746 -0.475509
vn 0.655076 -0.079164 -0.751404
vn 0.655076 -0.079164 -0.751404
vn 0.655076 -0.079164 -0.751404
vn 0.655076 -0.079164 -0.751404
vn -0.674469 -0.043455 -0.737023
vn -0.674469 -0.043455 -0.737023
vn -0.674469 -0.043455 -0.737023
vn -0.674469 -0.043455 -0.737023
vn 0.671434 0.465056 -0.576974
vn 0.671434 0.465056 -0.576974
vn 0.671434 0.465056 -0.576974
vn 0.671434 0.465056 -0.576974
vn -0.658012 0.500558 -0.562550
vn -0.658012 0.500558 -0.562550
vn -0.658012 0.500558 -0.562550
vn -0.658012 0.500558 -0.562550
vn 0.683991 0.726244 -0.068746
vn 0.683991 0.726244 -0.068746
vn 0.683991 0.726244 -0.068746
vn 0.683991 0.726244 -0.068746
vn -0.645632 0.761707 -0.054427
vn -0.645632 0.761707 -0.054427
vn -0.645632 0.761707 -0.054427
vn -0.645632 0.761707 -0.054427
vn 0.685263 0.551578 0.475580
vn 0.685263 0.551578 0.475580
vn 0.685263 0.551578 0.475580
vn 0.685263 0.551578 0.475580
vn -0.644373 0.587276 0.489786
vn -0.644373 0.587276 0.489786
vn -0.644373 0.587276 0.489786
vn -0.644373 0.587276 0.489786
vn 0.674559 0.043604 0.736932
vn 0.674559 0.043604 0.736932
vn 0.674559 0.043604 0.736932
vn 0.674559 0.043604 0.736932
vn -0.655082 0.079100 0.751406
vn -0.655082 0.079100 0.751406
vn -0.655082 0.079100 0.751406
vn -0.655082 0.079100 0.751406
vn 0.658114 -0.500477 0.562503
vn 0.658114 -0.500477 0.562503
vn 0.658114 -0.500477 0.562503
vn 0.658114 -0.500477 0.562503
vn -0.671535 -0.464972 0.576924
vn -0.671535 -0.464972 0.576924
vn -0.671535 -0.464972 0.576924
vn -0.671535 -0.464972 0.576924
vn 0.645568 -0.761763 0.054404
vn 0.645568 -0.761763 0.054404
vn 0.645568 -0.761763 0.054404
vn 0.645567 -0.761763 0.054404
vn -0.683908 -0.726325 0.068719
vn -0.683908 -0.726325 0.068719
vn -0.683908 -0.726325 0.068719
vn -0.683908 -0.726325 0.068719
vn -0.027349 -0.762533 -0.646371
vn -0.027349 -0.762533 -0.646371
vn -0.027349 -0.762533 -0.646371
vn -0.027349 -0.762533 -0.646371
vn 0.027367 0.762529 0.646374
vn 0.027367 0.762529 0.646375
vn 0.027367 0.762529 0.646374
vn 0.027367 0.762529 0.646374
vn -0.012912 -0.082120 -0.996539
vn -0.012912 -0.082120 -0.996539
vn -0.012912 -0.082120 -0.996539
vn -0.012912 -0.082120 -0.996539
vn 0.012924 0.082123 0.996538
vn 0.012924 0.082123 0.996539
vn 0.012924 0.082123 0.996539
vn 0.012924 0.082123 0.996539
vn 0.009128 0.646398 -0.762945
vn 0.009128 0.646398 -0.762945
vn 0.009128 0.646398 -0.762945
vn 0.009128 0.646399 -0.762945
vn -0.009078 -0.646399 0.762945
vn -0.009078 -0.646399 0.762945
vn -0.009078 -0.646399 0.762945
vn -0.009078 -0.646399 0.762945
vn 0.025803 0.996263 -0.082432
vn 0.025803 0.996263 -0.082432
vn 0.025803 0.996263 -0.082432
vn 0.025803 0.996263 -0.082432
vn -0.025792 -0.996263 0.082434
vn -0.025792 -0.996263 0.082434
vn -0.025792 -0.996263 0.082434
vn -0.025792 -0.996263 0.082434
vn 0.027371 0.762534 0.646369
vn 0.027371 0.762534 0.646369
vn 0.027371 0.762534 0.646369
vn 0.027371 0.762534 0.646369
vn -0.027378 -0.762530 -0.646373
vn -0.027378 -0.762530 -0.646373
vn -0.027378 -0.762530 -0.646373
vn -0.027378 -0.762530 -0.646373
vn 0.012925 0.082120 0.996539
vn 0.012925 0.082120 0.996539
vn 0.012925 0.082120 0.996539
vn 0.012925 0.082120 0.996539
vn -0.012922 -0.082122 -0.996539
vn -0.012922 -0.082122 -0.996539
vn -0.012922 -0.082122 -0.996539
vn -0.012922 -0.082122 -0.996539
vn -0.009087 -0.646396 0.762948
vn -0.009087 -0.646396 0.762948
vn -0.009087 -0.646396 0.762948
vn -0.009087 -0.646396 0.762948
vn 0.009144 0.646398 -0.762946
vn 0.009144 0.646398 -0.762946
vn 0.009144 0.646398 -0.762946
vn 0.009144 0.646398 -0.762946
vn -0.025785 -0.996263 0.082432
vn -0.025785 -0.996263 0.082432
vn -0.025785 -0.996263 0.082432
vn -0.025785 -0.996263 0.082432
vn 0.025747 0.996264 -0.082438
vn 0.025747 0.996264 -0.082438
vn 0.025747 0.996264 -0.082438
vn 0.025747 0.996264 -0.082438
vn -0.027370 -0.762533 -0.646370
vn -0.027370 -0.762533 -0.646370
vn -0.027370 -0.762533 -0.646370
vn -0.027370 -0.762533 -0.646370
vn 0.027358 0.762532 0.646372
vn 0.027358 0.762532 0.646372
vn 0.027358 0.762532 0.646372
vn 0.027358 0.762532 0.646372
vn -0.012919 -0.082120 -0.996539
vn -0.012919 -0.082120 -0.996539
vn -0.012919 -0.082120 -0.996539
vn -0.012919 -0.082120 -0.996539
vn 0.012921 0.082119 0.996539
vn 0.012921 0.082119 0.996539
vn 0.012921 0.082119 0.996539
vn 0.012921 0.082119 0.996539
vn 0.009113 0.646397 -0.762947
vn 0.009113 0.646397 -0.762947
vn 0.009113 0.646397 -0.762947
vn 0.009113 0.646397 -0.762947
vn -0.009119 -0.646396 0.762948
vn -0.009119 -0.646396 0.762948
vn -0.009119 -0.646396 0.762948
vn -0.009119 -0.646396 0.762948
vn 0.025782 0.996263 -0.082431
vn 0.025782 0.996263 -0.082431
vn 0.025782 0.996263 -0.082431
vn 0.025782 0.996263 -0.082431
vn -0.025811 -0.996262 0.082434
vn -0.025811 -0.996262 0.082434
vn -0.025811 -0.996262 0.082434
vn -0.025811 -0.996262 0.082434
vn 0.027358 0.762534 0.646370
vn 0.027358 0.762534 0.646370
vn 0.027358 0.762534 0.646370
vn 0.027358 0.762534 0.646370
vn -0.027367 -0.762530 -0.646374
vn -0.027367 -0.762530 -0.646374
vn -0.027367 -0.762530 -0.646374
vn -0.027367 -0.762530 -0.646374
vn 0.012918 0.082120 0.996539
vn 0.012918 0.082120 0.996539
vn 0.012918 0.082120 0.996539
vn 0.012918 0.082120 0.996539
vn -0.012932 -0.082118 -0.996539
vn -0.012932 -0.082118 -0.996539
vn -0.012932 -0.082118 -0.996539
vn -0.012932 -0.082118 -0.996539
vn -0.009108 -0.646396 0.762948
vn -0.009108 -0.646396 0.762948
vn -0.009108 -0.646396 0.762948
vn -0.009108 -0.646396 0.762948
vn 0.009112 0.646397 -0.762946
vn 0.009112 0.646397 -0.762946
vn 0.009112 0.646397 -0.762946
vn 0.009112 0.646397 -0.762946
vn -0.025795 -0.996263 0.082431
vn -0.025795 -0.996263 0.082431
vn -0.025795 -0.996263 0.082432
vn -0.025795 -0.996263 0.082431
vn 0.025796 0.996263 -0.082434
vn 0.025796 0.996263 -0.082434
vn 0.025796 0.996263 -0.082434
vn 0.025796 0.996263 -0.082434
vn -0.723667 -0.522298 -0.451122
vn -0.723667 -0.522298 -0.451122
vn -0.723667 -0.522298 -0.451122
vn -0.723667 -0.522298 -0.451122
vn -0.723667 -0.522298 -0.451122
vn -0.713090 -0.039373 -0.699966
vn -0.713090 -0.039373 -0.699966
vn -0.713090 -0.039373 -0.699966
vn -0.713090 -0.039373 -0.699966
vn -0.697935 0.477448 -0.533788
vn -0.697935 0.477448 -0.533788
vn -0.697935 0.477448 -0.533788
vn -0.697935 0.477448 -0.533788
vn -0.697935 0.477448 -0.533788
vn -0.686034 0.725786 -0.050914
vn -0.686034 0.725786 -0.050914
vn -0.686034 0.725786 -0.050914
vn -0.686034 0.725786 -0.050914
vn -0.684637 0.560070 0.466469
vn -0.684637 0.560070 0.466469
vn -0.684637 0.560070 0.466469
vn -0.684637 0.560070 0.466469
vn -0.694022 0.077262 0.715796
vn -0.694022 0.077262 0.715796
vn -0.694022 0.077262 0.715796
vn -0.694022 0.077262 0.715796
vn -0.709392 -0.440778 0.549979
vn -0.709392 -0.440778 0.549979
vn -0.709392 -0.440778 0.549979
vn -0.709392 -0.440778 0.549979
vn -0.722115 -0.688601 0.066171
vn -0.722115 -0.688601 0.066171
vn -0.722115 -0.688601 0.066171
vn -0.722115 -0.688601 0.066171
vn 0.684037 -0.560539 -0.466787
vn 0.684037 -0.560539 -0.466787
vn 0.684037 -0.560539 -0.466787
vn 0.684037 -0.560539 -0.466787
vn 0.694621 -0.077163 -0.715225
vn 0.694621 -0.077163 -0.715225
vn 0.694621 -0.077163 -0.715225
vn 0.694621 -0.077163 -0.715225
vn 0.710506 0.439975 -0.549184
vn 0.710506 0.439975 -0.549184
vn 0.710506 0.439975 -0.549184
vn 0.710506 0.439975 -0.549184
vn 0.722056 0.688669 -0.066109
vn 0.722056 0.688669 -0.066109
vn 0.722056 0.688669 -0.066109
vn 0.722056 0.688669 -0.066109
vn 0.723214 0.522610 0.451486
vn 0.723214 0.522610 0.451486
vn 0.723214 0.522610 0.451486
vn 0.723214 0.522610 0.451486
vn 0.712961 0.039531 0.700089
vn 0.712961 0.039531 0.700089
vn 0.712961 0.039531 0.700089
vn 0.712961 0.039531 0.700089
vn 0.696977 -0.478056 0.534495
vn 0.696977 -0.478056 0.534495
vn 0.696977 -0.478056 0.534495
vn 0.696977 -0.478056 0.534495
vn 0.685136 -0.726630 0.050966
vn 0.685136 -0.726630 0.050966
vn 0.685136 -0.726630 0.050966
vn 0.685136 -0.726630 0.050966
vn 0.999585 -0.026707 -0.010784
vn 0.999585 -0.026707 -0.010784
vn 0.999586 -0.026684 -0.010764
vn 0.999586 -0.026684 -0.010764
vn -0.999587 0.026636 0.010763
vn -0.999587 0.026636 0.010763
vn -0.999587 0.026636 0.010763
vn -0.999588 0.026604 0.010739
vn -0.999588 0.026604 0.010739
vn -0.999588 0.026604 0.010739
vn -0.902652 0.063123 0.425717
vn -0.902652 0.063123 0.425717
vn -0.902652 0.063123 0.425717
vn -0.902652 0.063123 0.425717
vn -0.920846 -0.321027 -0.221326
vn -0.920846 -0.321027 -0.221326
vn -0.920846 -0.321027 -0.221326
vn -0.920846 -0.321027 -0.221326
vn -0.400918 -0.607407 -0.685800
vn -0.400918 -0.607407 -0.685800
vn -0.400918 -0.607407 -0.685800
vn -0.400918 -0.607407 -0.685800
vn 0.353005 -0.627690 -0.693825
vn 0.353005 -0.627690 -0.693825
vn 0.353005 -0.627690 -0.693825
vn 0.353005 -0.627690 -0.693825
vn 0.897418 -0.369202 -0.241517
vn 0.897418 -0.369202 -0.241517
vn 0.897418 -0.369202 -0.241517
vn 0.897418 -0.369202 -0.241517
vn 0.913824 0.015357 0.405819
vn 0.913825 0.015357 0.405819
vn 0.913824 0.015357 0.405819
vn 0.913824 0.015357 0.405819
vn 0.393561 0.300238 0.868888
vn 0.393561 0.300238 0.868888
vn 0.393561 0.300238 0.868888
vn 0.393561 0.300238 0.868888
vn -0.358174 0.320375 0.876967
vn -0.358174 0.320375 0.876967
vn -0.358174 0.320375 0.876967
vn -0.358174 0.320375 0.876967
vn -0.017383 -0.855684 0.517207
vn -0.017383 -0.855684 0.517207
vn -0.017383 -0.855684 0.517207
vn -0.017383 -0.855684 0.517207
vn -0.017493 -0.855690 0.517193
vn -0.017493 -0.855690 0.517193
vn -0.017493 -0.855690 0.517193
vn -0.017493 -0.855690 0.517193
vn -0.017578 -0.855914 0.516819
vn -0.017578 -0.855914 0.516819
vn -0.017578 -0.855914 0.516819
vn -0.017578 -0.855914 0.516819
vn -0.017028 -0.856006 0.516686
vn -0.017028 -0.856006 0.516686
vn -0.017028 -0.856006 0.516686
vn -0.017028 -0.856006 0.516686
vn -0.017075 -0.855674 0.517234
vn -0.017075 -0.855674 0.517234
vn -0.017075 -0.855674 0.517234
vn -0.017075 -0.855674 0.517234
vn -0.017317 -0.855716 0.517157
vn -0.017317 -0.855716 0.517157
vn -0.017317 -0.855716 0.517157
vn -0.017317 -0.855716 0.517157
vn -0.017254 -0.855427 0.517636
vn -0.017254 -0.855427 0.517636
vn -0.017254 -0.855427 0.517636
vn -0.017254 -0.855427 0.517636
vn -0.017358 -0.855484 0.517537
vn -0.017358 -0.855484 0.517537
vn -0.017358 -0.855485 0.517537
vn -0.017358 -0.855484 0.517537
vn 0.897202 -0.369823 -0.241371
vn 0.897202 -0.369823 -0.241372
vn 0.897202 -0.369823 -0.241372
vn 0.897202 -0.369823 -0.241372
vn 0.913508 0.013970 0.406581
vn 0.913508 0.013970 0.406581
vn 0.913508 0.013970 0.406581
vn 0.913508 0.013970 0.406581
vn 0.393549 0.300096 0.868943
vn 0.393549 0.300096 0.868943
vn 0.393549 0.300096 0.868943
vn 0.393550 0.300096 0.868943
vn -0.358254 0.320066 0.877047
vn -0.358254 0.320066 0.877047
vn -0.358254 0.320066 0.877047
vn -0.358254 0.320066 0.877047
vn -0.902496 0.062553 0.426131
vn -0.902496 0.062553 0.426131
vn -0.902496 0.062553 0.426131
vn -0.902496 0.062553 0.426131
vn -0.920955 -0.320504 -0.221629
vn -0.920955 -0.320504 -0.221629
vn -0.920955 -0.320504 -0.221629
vn -0.920955 -0.320504 -0.221629
vn -0.400812 -0.607225 -0.686023
vn -0.400812 -0.607225 -0.686023
vn -0.400812 -0.607225 -0.686023
vn -0.400812 -0.607225 -0.686023
vn 0.353054 -0.627403 -0.694059
vn 0.353054 -0.627403 -0.694059
vn 0.353054 -0.627403 -0.694059
vn 0.353054 -0.627403 -0.694059
vn 0.902467 -0.063694 -0.426023
vn 0.902467 -0.063694 -0.426023
vn 0.902467 -0.063694 -0.426023
vn 0.902467 -0.063694 -0.426023
vn 0.920733 0.321424 0.221219
vn 0.920733 0.321424 0.221219
vn 0.920733 0.321424 0.221219
vn 0.920733 0.321424 0.221219
vn 0.400753 0.607471 0.685840
vn 0.400753 0.607471 0.685840
vn 0.400753 0.607471 0.685840
vn 0.400753 0.607471 0.685840
vn -0.352760 0.628000 0.693669
vn -0.352760 0.628000 0.693669
vn -0.352760 0.628000 0.693669
vn -0.352760 0.628000 0.693669
vn -0.897381 0.370068 0.240328
vn -0.897381 0.370068 0.240328
vn -0.897381 0.370068 0.240328
vn -0.897381 0.370068 0.240328
vn -0.913780 -0.014458 -0.405951
vn -0.913781 -0.014458 -0.405951
vn -0.913780 -0.014458 -0.405951
vn -0.913780 -0.014458 -0.405951
vn -0.393566 -0.300363 -0.868843
vn -0.393566 -0.300363 -0.868843
vn -0.393566 -0.300363 -0.868843
vn -0.393566 -0.300363 -0.868843
vn 0.358311 -0.320436 -0.876889
vn 0.358311 -0.320436 -0.876889
vn 0.358311 -0.320436 -0.876889
vn 0.358311 -0.320436 -0.876889
vn 0.016859 0.855884 -0.516894
vn 0.016859 0.855884 -0.516894
vn 0.016859 0.855884 -0.516894
vn 0.016859 0.855884 -0.516894
vn 0.016626 0.855469 -0.517587
vn 0.016626 0.855469 -0.517587
vn 0.016626 0.855469 -0.517587
vn 0.016626 0.855469 -0.517587
vn 0.017264 0.855661 -0.517249
vn 0.017264 0.855661 -0.517249
vn 0.017264 0.855661 -0.517249
vn 0.017264 0.855661 -0.517249
vn 0.017086 0.855908 -0.516846
vn 0.017086 0.855908 -0.516846
vn 0.017086 0.855908 -0.516846
vn 0.017086 0.855908 -0.516846
vn 0.017365 0.855743 -0.517110
vn 0.017365 0.855743 -0.517110
vn 0.017365 0.855743 -0.517110
vn 0.017365 0.855743 -0.517110
vn 0.016997 0.855595 -0.517368
vn 0.016997 0.855594 -0.517368
vn 0.016997 0.855594 -0.517368
vn 0.016997 0.855595 -0.517368
vn 0.017142 0.855462 -0.517582
vn 0.017142 0.855462 -0.517582
vn 0.017142 0.855462 -0.517582
vn 0.017142 0.855462 -0.517582
vn 0.017184 0.855838 -0.516959
vn 0.017184 0.855838 -0.516959
vn 0.017184 0.855838 -0.516959
vn 0.017184 0.855838 -0.516959
vn -0.897366 0.369712 0.240932
vn -0.897366 0.369712 0.240932
vn -0.897366 0.369712 0.240932
vn -0.897366 0.369712 0.240932
vn -0.913672 -0.014536 -0.406192
vn -0.913672 -0.014536 -0.406192
vn -0.913672 -0.014536 -0.406192
vn -0.913672 -0.014536 -0.406192
vn -0.393747 -0.300069 -0.868863
vn -0.393747 -0.300069 -0.868863
vn -0.393747 -0.300069 -0.868863
vn -0.393747 -0.300069 -0.868863
vn 0.358221 -0.320437 -0.876925
vn 0.358221 -0.320437 -0.876926
vn 0.358221 -0.320437 -0.876925
vn 0.358221 -0.320437 -0.876925
vn 0.902531 -0.063683 -0.425891
vn 0.902531 -0.063683 -0.425891
vn 0.902531 -0.063683 -0.425891
vn 0.902531 -0.063683 -0.425891
vn 0.920814 0.320681 0.221957
vn 0.920814 0.320681 0.221957
vn 0.920814 0.320681 0.221957
vn 0.920814 0.320681 0.221957
vn 0.400861 0.607406 0.685834
vn 0.400861 0.607406 0.685834
vn 0.400861 0.607406 0.685834
vn 0.400861 0.607406 0.685834
vn -0.352911 0.627646 0.693913
vn -0.352911 0.627646 0.693913
vn -0.352911 0.627646 0.693913
vn -0.352911 0.627646 0.693913
vn -0.874956 0.083646 0.476922
vn -0.874956 0.083646 0.476922
vn -0.874956 0.083646 0.476922
vn -0.874956 0.083646 0.476922
vn -0.896302 -0.442103 -0.034463
vn -0.896302 -0.442103 -0.034463
vn -0.896302 -0.442103 -0.034463
vn -0.896302 -0.442103 -0.034463
vn -0.392256 -0.827586 -0.401542
vn -0.392256 -0.827586 -0.401542
vn -0.392256 -0.827586 -0.401542
vn -0.392256 -0.827586 -0.401542
vn 0.338901 -0.846834 -0.409899
vn 0.338901 -0.846834 -0.409899
vn 0.338901 -0.846834 -0.409899
vn 0.338901 -0.846834 -0.409899
vn 0.870383 -0.489490 -0.053217
vn 0.870383 -0.489490 -0.053217
vn 0.870383 -0.489490 -0.053217
vn 0.870383 -0.489490 -0.053217
vn 0.888586 0.037247 0.457195
vn 0.888586 0.037247 0.457195
vn 0.888586 0.037247 0.457195
vn 0.888586 0.037247 0.457195
vn 0.384675 0.421640 0.821124
vn 0.384675 0.421640 0.821124
vn 0.384675 0.421641 0.821124
vn 0.384675 0.421641 0.821124
vn -0.343697 0.440696 0.829252
vn -0.343697 0.440696 0.829252
vn -0.343697 0.440696 0.829252
vn -0.343697 0.440696 0.829252
vn -0.010258 -0.691311 0.722484
vn -0.010258 -0.691311 0.722484
vn -0.010258 -0.691311 0.722484
vn -0.010258 -0.691311 0.722484
vn -0.010490 -0.690947 0.722830
vn -0.010490 -0.690947 0.722830
vn -0.010490 -0.690947 0.722830
vn -0.010490 -0.690947 0.722830
vn -0.010762 -0.691130 0.722651
vn -0.010762 -0.691130 0.722651
vn -0.010762 -0.691130 0.722651
vn -0.010762 -0.691130 0.722651
vn -0.010809 -0.691038 0.722738
vn -0.010809 -0.691038 0.722738
vn -0.010809 -0.691038 0.722738
vn -0.010809 -0.691038 0.722738
vn -0.011016 -0.690992 0.722778
vn -0.011016 -0.690992 0.722778
vn -0.011016 -0.690992 0.722778
vn -0.011016 -0.690992 0.722778
vn -0.010493 -0.691033 0.722747
vn -0.010493 -0.691033 0.722747
vn -0.010493 -0.691033 0.722747
vn -0.010493 -0.691033 0.722747
vn -0.010762 -0.691118 0.722662
vn -0.010762 -0.691118 0.722662
vn -0.010762 -0.691118 0.722662
vn -0.010762 -0.691118 0.722662
vn -0.010497 -0.691490 0.722310
vn -0.010497 -0.691490 0.722310
vn -0.010497 -0.691490 0.722310
vn -0.010497 -0.691490 0.722310
vn 0.870230 -0.489744 -0.053390
vn 0.870230 -0.489744 -0.053390
vn 0.870230 -0.489744 -0.053390
vn 0.870230 -0.489744 -0.053390
vn 0.888298 0.036845 0.457787
vn 0.888298 0.036845 0.457787
vn 0.888298 0.036845 0.457787
vn 0.888298 0.036845 0.457787
vn 0.384360 0.421141 0.821528
vn 0.384359 0.421141 0.821528
vn 0.384359 0.421141 0.821528
vn 0.384360 0.421141 0.821528
vn -0.343788 0.441004 0.829051
vn -0.343788 0.441004 0.829051
vn -0.343788 0.441004 0.829051
vn -0.343788 0.441004 0.829051
vn -0.875230 0.084427 0.476282
vn -0.875230 0.084427 0.476282
vn -0.875230 0.084427 0.476282
vn -0.875230 0.084427 0.476282
vn -0.896292 -0.442113 -0.034601
vn -0.896292 -0.442113 -0.034601
vn -0.896292 -0.442113 -0.034601
vn -0.896292 -0.442113 -0.034601
vn -0.392217 -0.827674 -0.401399
vn -0.392217 -0.827674 -0.401399
vn -0.392217 -0.827674 -0.401399
vn -0.392217 -0.827674 -0.401399
vn 0.338727 -0.847119 -0.409455
vn 0.338727 -0.847119 -0.409455
vn 0.338727 -0.847119 -0.409455
vn 0.338727 -0.847119 -0.409455
vn 0.875239 -0.084473 -0.476258
vn 0.875239 -0.084473 -0.476258
vn 0.875239 -0.084473 -0.476258
vn 0.875239 -0.084473 -0.476258
vn 0.896073 0.442580 0.034294
vn 0.896073 0.442580 0.034294
vn 0.896073 0.442580 0.034294
vn 0.896073 0.442580 0.034294
vn 0.392258 0.827583 0.401547
vn 0.392258 0.827583 0.401547
vn 0.392257 0.827583 0.401547
vn 0.392258 0.827583 0.401547
vn -0.338890 0.846841 0.409896
vn -0.338890 0.846841 0.409896
vn -0.338890 0.846841 0.409896
vn -0.338890 0.846841 0.409896
vn -0.870379 0.489447 0.053691
vn -0.870379 0.489447 0.053691
vn -0.870379 0.489447 0.053691
vn -0.870379 0.489447 0.053691
vn -0.888772 -0.037529 -0.456811
vn -0.888772 -0.037529 -0.456811
vn -0.888772 -0.037529 -0.456811
vn -0.888772 -0.037529 -0.456811
vn -0.384562 -0.421801 -0.821094
vn -0.384562 -0.421801 -0.821094
vn -0.384563 -0.421801 -0.821094
vn -0.384563 -0.421801 -0.821094
vn 0.343580 -0.440964 -0.829159
vn 0.343580 -0.440964 -0.829159
vn 0.343580 -0.440964 -0.829158
vn 0.343580 -0.440964 -0.829158
vn 0.010580 0.691115 -0.722668
vn 0.010580 0.691115 -0.722667
vn 0.010580 0.691115 -0.722667
vn 0.010580 0.691115 -0.722668
vn 0.010785 0.691072 -0.722706
vn 0.010785 0.691072 -0.722706
vn 0.010785 0.691072 -0.722706
vn 0.010785 0.691072 -0.722706
vn 0.010784 0.691033 -0.722743
vn 0.010784 0.691033 -0.722743
vn 0.010784 0.691033 -0.722743
vn 0.010784 0.691033 -0.722743
vn 0.010682 0.691003 -0.722773
vn 0.010682 0.691003 -0.722773
vn 0.010682 0.691003 -0.722773
vn 0.010682 0.691003 -0.722773
vn 0.010783 0.691060 -0.722717
vn 0.010783 0.691060 -0.722717
vn 0.010783 0.691060 -0.722717
vn 0.010783 0.691060 -0.722717
vn 0.011052 0.691090 -0.722684
vn 0.011052 0.691090 -0.722684
vn 0.011052 0.691090 -0.722684
vn 0.011052 0.691090 -0.722684
vn 0.010739 0.691183 -0.722600
vn 0.010739 0.691183 -0.722600
vn 0.010739 0.691183 -0.722600
vn 0.010739 0.691183 -0.722600
vn 0.010688 0.691172 -0.722611
vn 0.010688 0.691172 -0.722611
vn 0.010688 0.691172 -0.722611
vn 0.010688 0.691172 -0.722611
vn -0.870161 0.489873 0.053342
vn -0.870161 0.489873 0.053342
vn -0.870161 0.489873 0.053342
vn -0.870161 0.489873 0.053342
vn -0.888479 -0.036752 -0.457444
vn -0.888479 -0.036752 -0.457444
vn -0.888479 -0.036752 -0.457444
vn -0.888479 -0.036752 -0.457444
vn -0.384427 -0.421156 -0.821489
vn -0.384427 -0.421156 -0.821489
vn -0.384427 -0.421156 -0.821489
vn -0.384427 -0.421156 -0.821489
vn 0.343704 -0.440915 -0.829133
vn 0.343704 -0.440915 -0.829133
vn 0.343704 -0.440915 -0.829133
vn 0.343704 -0.440915 -0.829133
vn 0.875110 -0.083182 -0.476722
vn 0.875110 -0.083182 -0.476722
vn 0.875110 -0.083182 -0.476722
vn 0.875110 -0.083182 -0.476722
vn 0.896155 0.442489 0.033308
vn 0.896155 0.442489 0.033308
vn 0.896155 0.442489 0.033308
vn 0.896155 0.442489 0.033308
vn 0.392161 0.827678 0.401446
vn 0.392161 0.827678 0.401446
vn 0.392161 0.827678 0.401446
vn 0.392161 0.827678 0.401446
vn -0.338879 0.847010 0.409554
vn -0.338879 0.847010 0.409554
vn -0.338879 0.847010 0.409554
vn -0.338879 0.847010 0.409554
vn 0.016653 0.837580 -0.546061
vn 0.016624 0.837616 -0.546007
vn 0.016592 0.837615 -0.546009
vn 0.016596 0.837575 -0.546070
vn 0.016560 0.837615 -0.546011
vn 0.016539 0.837571 -0.546079
vn 0.016518 0.837526 -0.546147
vn 0.016600 0.837535 -0.546131
vn 0.016682 0.837544 -0.546115
vn -0.024751 -0.987109 0.158123
vn -0.024737 -0.987111 0.158114
vn -0.024746 -0.987109 0.158124
vn -0.024770 -0.987109 0.158119
vn -0.024723 -0.987113 0.158104
vn -0.024723 -0.987109 0.158128
vn -0.024728 -0.987113 0.158103
vn -0.024723 -0.987117 0.158080
vn -0.024733 -0.987109 0.158127
vn -0.918305 0.076940 0.388325
vn -0.918305 0.076940 0.388325
vn -0.918240 0.077607 0.388345
vn -0.918240 0.077611 0.388345
vn -0.918572 0.052769 0.391716
vn -0.918564 0.053821 0.391591
vn -0.917411 0.090263 0.387568
vn -0.917093 0.096663 0.386779
vn -0.915191 0.146229 0.375557
vn -0.915226 0.147248 0.375073
vn -0.916884 0.118676 0.381104
vn -0.916864 0.125659 0.378906
vn -0.916480 0.101254 0.387055
vn -0.916494 0.102824 0.386609
vn -0.916188 0.146517 0.373004
vn -0.916118 0.149255 0.372090
vn -0.915550 0.163679 0.367392
vn -0.915516 0.164582 0.367074
vn -0.916640 0.129465 0.378168
vn -0.916623 0.130036 0.378012
vn -0.916097 0.157264 0.368828
vn -0.915893 0.162026 0.367270
vn -0.914244 0.199442 0.352676
vn -0.914255 0.199556 0.352583
vn -0.915654 0.166495 0.365865
vn -0.915653 0.170260 0.364130
vn -0.915025 0.182885 0.359559
vn -0.914696 0.192863 0.355155
vn -0.912737 0.230054 0.337618
vn -0.912611 0.231397 0.337042
vn -0.914478 0.224474 0.336662
vn -0.914471 0.225020 0.336318
vn -0.914298 0.233751 0.330785
vn -0.914298 0.233751 0.330785
vn -0.369152 0.136482 0.919293
vn -0.369152 0.136482 0.919293
vn -0.369148 0.138089 0.919054
vn -0.369148 0.138093 0.919054
vn -0.370641 0.078649 0.925440
vn -0.370628 0.079705 0.925355
vn -0.367670 0.173332 0.913660
vn -0.367358 0.179557 0.912583
vn -0.362416 0.302350 0.881612
vn -0.362440 0.303396 0.881243
vn -0.366198 0.241627 0.898619
vn -0.366161 0.248635 0.896720
vn -0.365676 0.195120 0.910060
vn -0.365691 0.196688 0.909716
vn -0.364830 0.306009 0.879351
vn -0.364756 0.308696 0.878442
vn -0.363359 0.345610 0.865173
vn -0.363322 0.346502 0.864832
vn -0.366020 0.263261 0.892593
vn -0.366006 0.263822 0.892433
vn -0.364237 0.334043 0.869337
vn -0.364029 0.338674 0.867631
vn -0.360158 0.430014 0.827873
vn -0.360170 0.430127 0.827809
vn -0.363776 0.354528 0.861381
vn -0.363779 0.358371 0.859788
vn -0.361794 0.399213 0.842457
vn -0.361467 0.408731 0.838022
vn -0.356603 0.502068 0.787884
vn -0.356482 0.503281 0.787165
vn -0.360621 0.492544 0.792056
vn -0.360611 0.493077 0.791729
vn -0.360093 0.514469 0.778238
vn -0.360093 0.514469 0.778238
vn 0.395918 0.115961 0.910935
vn 0.395918 0.115961 0.910935
vn 0.395937 0.117593 0.910717
vn 0.395937 0.117589 0.910718
vn 0.393998 0.059216 0.917202
vn 0.393951 0.058160 0.917289
vn 0.395824 0.159083 0.904442
vn 0.395818 0.152840 0.905521
vn 0.397018 0.283051 0.873074
vn 0.396944 0.282008 0.873446
vn 0.398068 0.228123 0.888539
vn 0.397762 0.221124 0.890443
vn 0.394793 0.176374 0.901682
vn 0.394705 0.174811 0.902025
vn 0.399077 0.288298 0.870415
vn 0.399027 0.285613 0.871323
vn 0.399482 0.326138 0.856766
vn 0.399481 0.325247 0.857105
vn 0.398450 0.243375 0.884311
vn 0.398438 0.242814 0.884471
vn 0.400224 0.318124 0.859429
vn 0.400208 0.313486 0.861139
vn 0.400573 0.409723 0.819554
vn 0.400557 0.409610 0.819618
vn 0.400826 0.337876 0.851574
vn 0.400648 0.334047 0.853167
vn 0.400736 0.388339 0.829822
vn 0.400642 0.378713 0.834304
vn 0.399750 0.483025 0.779030
vn 0.399821 0.481790 0.779757
vn 0.403478 0.472590 0.783495
vn 0.403465 0.472058 0.783822
vn 0.403881 0.493979 0.769978
vn 0.403881 0.493979 0.769978
vn 0.928684 0.027667 0.369838
vn 0.928684 0.027667 0.369838
vn 0.928808 0.028310 0.369479
vn 0.928807 0.028307 0.369481
vn 0.928529 0.004354 0.371233
vn 0.928491 0.003295 0.371341
vn 0.929227 0.047165 0.366486
vn 0.929233 0.040761 0.367239
vn 0.929583 0.097909 0.355373
vn 0.929515 0.096883 0.355832
vn 0.930049 0.076353 0.359416
vn 0.929763 0.069372 0.361563
vn 0.928807 0.053377 0.366700
vn 0.928717 0.051814 0.367151
vn 0.930532 0.099858 0.352332
vn 0.930484 0.097096 0.353230
vn 0.930726 0.115152 0.347117
vn 0.930730 0.114238 0.347408
vn 0.930421 0.080393 0.357567
vn 0.930409 0.079828 0.357725
vn 0.931068 0.112461 0.347082
vn 0.931058 0.107702 0.348613
vn 0.931125 0.149980 0.332432
vn 0.931110 0.149871 0.332526
vn 0.931192 0.120648 0.343985
vn 0.931018 0.116907 0.345742
vn 0.931093 0.143459 0.335388
vn 0.930997 0.133498 0.339739
vn 0.930634 0.182147 0.317399
vn 0.930703 0.180802 0.317966
vn 0.932160 0.175663 0.316576
vn 0.932146 0.175118 0.316918
vn 0.932329 0.184384 0.311072
vn 0.932329 0.184384 0.311072
vn 0.917788 -0.077075 -0.389519
vn 0.917788 -0.077075 -0.389519
vn 0.917812 -0.077716 -0.389335
vn 0.917812 -0.077712 -0.389336
vn 0.918441 -0.053857 -0.391875
vn 0.918451 -0.052813 -0.391993
vn 0.916983 -0.096717 -0.387024
vn 0.917306 -0.090267 -0.387816
vn 0.915048 -0.147595 -0.375371
vn 0.915015 -0.146569 -0.375853
vn 0.916797 -0.125676 -0.379063
vn 0.916840 -0.118735 -0.381191
vn 0.916505 -0.102905 -0.386560
vn 0.916498 -0.101330 -0.386994
vn 0.915967 -0.149460 -0.372378
vn 0.916047 -0.146710 -0.373274
vn 0.915421 -0.164688 -0.367264
vn 0.915464 -0.163779 -0.367561
vn 0.916679 -0.130042 -0.377874
vn 0.916693 -0.129473 -0.378034
vn 0.915990 -0.161947 -0.367064
vn 0.916185 -0.157170 -0.368649
vn 0.914444 -0.199486 -0.352134
vn 0.914432 -0.199378 -0.352225
vn 0.915628 -0.170217 -0.364213
vn 0.915600 -0.166478 -0.366009
vn 0.914351 -0.193185 -0.355869
vn 0.914697 -0.183117 -0.360275
vn 0.912277 -0.232002 -0.337530
vn 0.912412 -0.230654 -0.338087
vn 0.914307 -0.225221 -0.336628
vn 0.914315 -0.224677 -0.336970
vn 0.914131 -0.233969 -0.331094
vn 0.914131 -0.233969 -0.331094
vn 0.369173 -0.136483 -0.919284
vn 0.369173 -0.136483 -0.919284
vn 0.369254 -0.138096 -0.919011
vn 0.369254 -0.138092 -0.919012
vn 0.370900 -0.079765 -0.925241
vn 0.370911 -0.078712 -0.925327
vn 0.367470 -0.179509 -0.912547
vn 0.367794 -0.173180 -0.913639
vn 0.362331 -0.304580 -0.880879
vn 0.362306 -0.303528 -0.881252
vn 0.365911 -0.248230 -0.896934
vn 0.365935 -0.241372 -0.898794
vn 0.365178 -0.197212 -0.909809
vn 0.365166 -0.195635 -0.910154
vn 0.364255 -0.309194 -0.878475
vn 0.364327 -0.306461 -0.879402
vn 0.363089 -0.346737 -0.864835
vn 0.363131 -0.345845 -0.865175
vn 0.366074 -0.264112 -0.892320
vn 0.366089 -0.263532 -0.892485
vn 0.364188 -0.338560 -0.867608
vn 0.364398 -0.333880 -0.869332
vn 0.360251 -0.430813 -0.827417
vn 0.360237 -0.430687 -0.827489
vn 0.364013 -0.358291 -0.859722
vn 0.364017 -0.354528 -0.861279
vn 0.361838 -0.408427 -0.838010
vn 0.362175 -0.398637 -0.842566
vn 0.356580 -0.504374 -0.786421
vn 0.356698 -0.503156 -0.787147
vn 0.360723 -0.493099 -0.791664
vn 0.360731 -0.492550 -0.792002
vn 0.360284 -0.514560 -0.778090
vn 0.360284 -0.514560 -0.778090
vn -0.395726 -0.115994 -0.911014
vn -0.395726 -0.115994 -0.911014
vn -0.395690 -0.117613 -0.910822
vn -0.395690 -0.117617 -0.910822
vn -0.393746 -0.058266 -0.917371
vn -0.393790 -0.059315 -0.917285
vn -0.395836 -0.152634 -0.905548
vn -0.395849 -0.158971 -0.904451
vn -0.397062 -0.283134 -0.873028
vn -0.397139 -0.284186 -0.872651
vn -0.398089 -0.220912 -0.890350
vn -0.398382 -0.227771 -0.888488
vn -0.395248 -0.175230 -0.901706
vn -0.395337 -0.176804 -0.901360
vn -0.399517 -0.285958 -0.870985
vn -0.399565 -0.288704 -0.870056
vn -0.399729 -0.325369 -0.856943
vn -0.399733 -0.326260 -0.856603
vn -0.398407 -0.243090 -0.884409
vn -0.398421 -0.243659 -0.884246
vn -0.400033 -0.313406 -0.861249
vn -0.400046 -0.318076 -0.859529
vn -0.400334 -0.410348 -0.819358
vn -0.400352 -0.410469 -0.819288
vn -0.400580 -0.334083 -0.853185
vn -0.400751 -0.337831 -0.851627
vn -0.400676 -0.378181 -0.834528
vn -0.400777 -0.388025 -0.829949
vn -0.399917 -0.482911 -0.779014
vn -0.399845 -0.484135 -0.778292
vn -0.403583 -0.472071 -0.783754
vn -0.403596 -0.472623 -0.783414
vn -0.403976 -0.494091 -0.769856
vn -0.403976 -0.494091 -0.769856
vn -0.929317 -0.027427 -0.368262
vn -0.929317 -0.027427 -0.368262
vn -0.929318 -0.028115 -0.368208
vn -0.929318 -0.028119 -0.368208
vn -0.928494 -0.003314 -0.371334
vn -0.928539 -0.004362 -0.371210
vn -0.929249 -0.040672 -0.367209
vn -0.929255 -0.047121 -0.366421
vn -0.929638 -0.096970 -0.355485
vn -0.929709 -0.097996 -0.355018
vn -0.929742 -0.069293 -0.361632
vn -0.930054 -0.076196 -0.359435
vn -0.928609 -0.051949 -0.367404
vn -0.928704 -0.053511 -0.366941
vn -0.930484 -0.097156 -0.353213
vn -0.930538 -0.099916 -0.352302
vn -0.930683 -0.114288 -0.347516
vn -0.930686 -0.115193 -0.347210
vn -0.930326 -0.079944 -0.357913
vn -0.930335 -0.080515 -0.357762
vn -0.930944 -0.107799 -0.348888
vn -0.930941 -0.112608 -0.347374
vn -0.930828 -0.150343 -0.333102
vn -0.930842 -0.150452 -0.333013
vn -0.930774 -0.117186 -0.346306
vn -0.930934 -0.120947 -0.344576
vn -0.930959 -0.133368 -0.339895
vn -0.931084 -0.143370 -0.335452
vn -0.930822 -0.180834 -0.317601
vn -0.930754 -0.182179 -0.317031
vn -0.932211 -0.175044 -0.316768
vn -0.932224 -0.175586 -0.316431
vn -0.932376 -0.184342 -0.310956
vn -0.932376 -0.184342 -0.310956
vn 0.028606 0.871321 0.489879
vn 0.028606 0.871321 0.489879
vn 0.028601 0.871328 0.489867
vn 0.028613 0.871328 0.489866
vn 0.028608 0.871322 0.489877
vn 0.028596 0.871321 0.489879
s off
g fishing_rod
usemtl standardSurface5SG
f 15/1187/1 16/1188/2 17/1189/3 18/1190/4
f 16/1009/5 19/1010/6 20/1011/7 17/1012/8
f 3/1013/9 4/1015/10 10/1016/11 9/1014/12
f 4/1191/13 5/1192/14 11/1193/15 10/1194/16
f 5/1017/17 6/1018/18 12/1019/19 11/1020/20
f 6/1018/21 1/1021/22 7/1022/23 12/1019/24
s 1
f 2/1097/25 1/1098/26 13/1099/27
f 3/1103/28 2/1097/25 13/1099/27
f 4/1106/29 3/1103/28 13/1099/27
f 5/1105/30 4/1106/29 13/1099/27
f 6/1102/31 5/1105/30 13/1099/27
f 1/1098/26 6/1102/31 13/1099/27
s 2
f 7/1107/32 8/1108/33 14/1109/34
f 8/1108/33 9/1112/35 14/1109/34
f 9/1112/35 10/1115/36 14/1109/34
f 10/1115/36 11/1116/37 14/1109/34
f 11/1116/37 12/1113/38 14/1109/34
f 12/1113/38 7/1107/32 14/1109/34
s off
f 1/1098/39 2/1097/40 16/1100/41 15/1101/42
f 8/1108/43 7/1107/44 18/1110/45 17/1111/46
f 7/1022/47 1/1021/48 15/1023/49 18/1024/50
f 2/1097/51 3/1103/52 19/1104/53 16/1100/54
f 3/1013/55 9/1014/56 20/1011/57 19/1010/58
f 9/1112/59 8/1108/60 17/1111/61 20/1114/62
f 22/833/63 21/834/64 29/835/65 30/836/66
f 23/839/67 22/833/68 30/836/69 31/840/70
f 24/869/71 23/870/72 31/871/73 32/872/74
f 25/875/75 24/869/76 32/872/77 33/876/78
f 26/842/79 25/843/80 33/844/81 34/845/82
f 27/848/83 26/842/84 34/845/85 35/849/86
f 28/878/87 27/879/88 35/880/89 36/881/90
f 21/884/91 28/878/92 36/881/93 29/885/94
f 30/801/95 29/802/96 37/803/97 38/804/98
f 31/807/99 30/801/100 38/804/101 39/808/102
f 32/811/103 31/807/104 39/808/105 40/812/106
f 33/815/107 32/811/108 40/812/109 41/816/110
f 34/813/111 33/815/112 41/816/113 42/814/114
f 35/809/115 34/813/116 42/814/117 43/810/118
f 36/805/119 35/809/120 43/810/121 44/806/122
f 29/802/123 36/805/124 44/806/125 37/803/126
f 38/851/127 37/852/128 45/853/129 46/854/130
f 39/857/131 38/851/132 46/854/133 47/858/134
f 40/887/135 39/888/136 47/889/137 48/890/138
f 41/893/139 40/887/140 48/890/141 49/894/142
f 42/860/143 41/861/144 49/862/145 50/863/146
f 43/866/147 42/860/148 50/863/149 51/867/150
f 44/896/151 43/897/152 51/898/153 52/899/154
f 37/902/155 44/896/156 52/899/157 45/903/158
f 46/854/159 45/853/160 53/855/161 54/856/162
f 47/858/163 46/854/164 54/856/165 55/859/166
f 48/890/167 47/889/168 55/891/169 56/892/170
f 49/894/171 48/890/172 56/892/173 57/895/174
f 50/863/175 49/862/176 57/864/177 58/865/178
f 51/867/179 50/863/180 58/865/181 59/868/182
f 52/899/183 51/898/184 59/900/185 60/901/186
f 45/903/187 52/899/188 60/901/189 53/904/190
f 54/817/191 53/818/192 61/819/193 62/820/194
f 55/823/195 54/817/196 62/820/197 63/824/198
f 56/827/199 55/823/200 63/824/201 64/828/202
f 57/831/203 56/827/204 64/828/205 65/832/206
f 58/829/207 57/831/208 65/832/209 66/830/210
f 59/825/211 58/829/212 66/830/213 67/826/214
f 60/821/215 59/825/216 67/826/217 68/822/218
f 53/818/219 60/821/220 68/822/221 61/819/222
f 62/837/223 61/838/224 21/834/225 22/833/226
f 63/841/227 62/837/228 22/833/229 23/839/230
f 64/873/231 63/874/232 23/870/233 24/869/234
f 65/877/235 64/873/236 24/869/237 25/875/238
f 66/846/239 65/847/240 25/843/241 26/842/242
f 67/850/243 66/846/244 26/842/245 27/848/246
f 68/882/247 67/883/248 27/879/249 28/878/250
f 61/886/251 68/882/252 28/878/253 21/884/254
f 70/729/255 69/730/256 77/731/257 78/732/258
f 71/735/259 70/729/260 78/732/261 79/736/262
f 72/765/263 71/766/264 79/767/265 80/768/266
f 73/771/267 72/765/268 80/768/269 81/772/270
f 74/738/271 73/739/272 81/740/273 82/741/274
f 75/744/275 74/738/276 82/741/277 83/745/278
f 76/774/279 75/775/280 83/776/281 84/777/282
f 69/780/283 76/774/284 84/777/285 77/781/286
f 78/697/287 77/698/288 85/699/289 86/700/290
f 79/703/291 78/697/292 86/700/293 87/704/294
f 80/707/295 79/703/296 87/704/297 88/708/298
f 81/711/299 80/707/300 88/708/301 89/712/302
f 82/709/303 81/711/304 89/712/305 90/710/306
f 83/705/307 82/709/308 90/710/309 91/706/310
f 84/701/311 83/705/312 91/706/313 92/702/314
f 77/698/315 84/701/316 92/702/317 85/699/318
f 86/747/319 85/748/320 93/749/321 94/750/322
f 87/753/323 86/747/324 94/750/325 95/754/326
f 88/783/327 87/784/328 95/785/329 96/786/330
f 89/789/331 88/783/332 96/786/333 97/790/334
f 90/756/335 89/757/336 97/758/337 98/759/338
f 91/762/339 90/756/340 98/759/341 99/763/342
f 92/792/343 91/793/344 99/794/345 100/795/346
f 85/798/347 92/792/348 100/795/349 93/799/350
f 94/750/351 93/749/352 101/751/353 102/752/354
f 95/754/355 94/750/356 102/752/357 103/755/358
f 96/786/359 95/785/360 103/787/361 104/788/362
f 97/790/363 96/786/364 104/788/365 105/791/366
f 98/759/367 97/758/368 105/760/369 106/761/370
f 99/763/371 98/759/372 106/761/373 107/764/374
f 100/795/375 99/794/376 107/796/377 108/797/378
f 93/799/379 100/795/380 108/797/381 101/800/382
f 102/713/383 101/714/384 109/715/385 110/716/386
f 103/719/387 102/713/388 110/716/389 111/720/390
f 104/723/391 103/719/392 111/720/393 112/724/394
f 105/727/395 104/723/396 112/724/397 113/728/398
f 106/725/399 105/727/400 113/728/401 114/726/402
f 107/721/403 106/725/404 114/726/405 115/722/406
f 108/717/407 107/721/408 115/722/409 116/718/410
f 101/714/411 108/717/412 116/718/413 109/715/414
f 110/733/415 109/734/416 69/730/417 70/729/418
f 111/737/419 110/733/420 70/729/421 71/735/422
f 112/769/423 111/770/424 71/766/425 72/765/426
f 113/773/427 112/769/428 72/765/429 73/771/430
f 114/742/431 113/743/432 73/739/433 74/738/434
f 115/746/435 114/742/436 74/738/437 75/744/438
f 116/778/439 115/779/440 75/775/441 76/774/442
f 109/782/443 116/778/444 76/774/445 69/780/446
f 118/521/447 117/522/448 125/523/449 126/524/450
f 119/527/451 118/521/452 126/524/453 127/528/454
f 120/557/455 119/558/456 127/559/457 128/560/458
f 121/563/459 120/557/460 128/560/461 129/564/462
f 122/530/463 121/531/464 129/532/465 130/533/466
f 123/536/467 122/530/468 130/533/469 131/537/470
f 124/566/471 123/567/472 131/568/473 132/569/474
f 117/572/475 124/566/476 132/569/477 125/573/478
f 126/489/479 125/490/480 133/491/481 134/492/482
f 127/495/483 126/489/484 134/492/485 135/496/486
f 128/499/487 127/495/488 135/496/489 136/500/490
f 129/503/491 128/499/492 136/500/493 137/504/494
f 130/501/495 129/503/496 137/504/497 138/502/498
f 131/497/499 130/501/500 138/502/501 139/498/502
f 132/493/503 131/497/504 139/498/505 140/494/506
f 125/490/507 132/493/508 140/494/509 133/491/510
f 134/539/511 133/540/512 141/541/513 142/542/514
f 135/545/515 134/539/516 142/542/517 143/546/518
f 136/575/519 135/576/520 143/577/521 144/578/522
f 137/581/523 136/575/524 144/578/525 145/582/526
f 138/548/527 137/549/528 145/550/529 146/551/530
f 139/554/531 138/548/532 146/551/533 147/555/534
f 140/584/535 139/585/536 147/586/537 148/587/538
f 133/590/539 140/584/540 148/587/541 141/591/542
f 142/542/543 141/541/544 149/543/545 150/544/546
f 143/546/547 142/542/548 150/544/549 151/547/550
f 144/578/551 143/577/552 151/579/553 152/580/554
f 145/582/555 144/578/556 152/580/557 153/583/558
f 146/551/559 145/550/560 153/552/561 154/553/562
f 147/555/563 146/551/564 154/553/565 155/556/566
f 148/587/567 147/586/568 155/588/569 156/589/570
f 141/591/571 148/587/572 156/589/573 149/592/574
f 150/505/575 149/506/576 157/507/577 158/508/578
f 151/511/579 150/505/580 158/508/581 159/512/582
f 152/515/583 151/511/584 159/512/585 160/516/586
f 153/519/587 152/515/588 160/516/589 161/520/590
f 154/517/591 153/519/592 161/520/593 162/518/594
f 155/513/595 154/517/596 162/518/597 163/514/598
f 156/509/599 155/513/600 163/514/601 164/510/602
f 149/506/603 156/509/604 164/510/605 157/507/606
f 158/525/607 157/526/608 117/522/609 118/521/610
f 159/529/611 158/525/612 118/521/613 119/527/614
f 160/561/615 159/562/616 119/558/617 120/557/618
f 161/565/619 160/561/620 120/557/621 121/563/622
f 162/534/623 161/535/624 121/531/625 122/530/626
f 163/538/627 162/534/628 122/530/629 123/536/630
f 164/570/631 163/571/632 123/567/633 124/566/634
f 157/574/635 164/570/636 124/566/637 117/572/638
f 165/1195/639 166/1196/640 172/1197/641 171/1198/642
f 166/1025/643 167/1026/644 173/1027/645 172/1028/646
f 167/1026/647 168/1029/648 174/1030/649 173/1027/650
f 168/1199/651 169/1200/652 175/1201/653 174/1202/654
f 169/1033/655 170/1034/656 176/1035/657 175/1036/658
f 170/1034/659 165/1037/660 171/1038/661 176/1035/662
s 3
f 166/1117/663 165/1118/664 177/1119/665
f 167/1121/666 166/1117/663 177/1119/665
f 168/1123/667 167/1121/666 177/1119/665
f 169/1122/668 168/1123/667 177/1119/665
f 170/1120/669 169/1122/668 177/1119/665
f 165/1118/664 170/1120/669 177/1119/665
s 4
f 178/1124/670 179/1125/671 180/1126/672
f 179/1125/671 181/1129/673 180/1126/672
f 181/1129/673 182/1132/674 180/1126/672
f 182/1132/674 183/1133/675 180/1126/672
f 183/1133/675 184/1130/676 180/1126/672
f 184/1130/676 178/1124/670 180/1126/672
s off
f 171/1127/677 172/1128/678 179/1125/679 178/1124/680
f 172/1028/681 173/1027/682 181/1031/683 179/1032/684
f 173/1134/685 174/1135/686 182/1132/687 181/1129/688
f 174/1135/689 175/1136/690 183/1133/691 182/1132/692
f 175/1036/693 176/1035/694 184/1039/695 183/1040/696
f 176/1131/697 171/1127/698 178/1124/699 184/1130/700
f 186/625/701 185/626/702 193/627/703 194/628/704
f 187/631/705 186/625/706 194/628/707 195/632/708
f 188/661/709 187/662/710 195/663/711 196/664/712
f 189/667/713 188/661/714 196/664/715 197/668/716
f 190/634/717 189/635/718 197/636/719 198/637/720
f 191/640/721 190/634/722 198/637/723 199/641/724
f 192/670/725 191/671/726 199/672/727 200/673/728
f 185/676/729 192/670/730 200/673/731 193/677/732
f 194/593/733 193/594/734 201/595/735 202/596/736
f 195/599/737 194/593/738 202/596/739 203/600/740
f 196/603/741 195/599/742 203/600/743 204/604/744
f 197/607/745 196/603/746 204/604/747 205/608/748
f 198/605/749 197/607/750 205/608/751 206/606/752
f 199/601/753 198/605/754 206/606/755 207/602/756
f 200/597/757 199/601/758 207/602/759 208/598/760
f 193/594/761 200/597/762 208/598/763 201/595/764
f 202/643/765 201/644/766 209/645/767 210/646/768
f 203/649/769 202/643/770 210/646/771 211/650/772
f 204/679/773 203/680/774 211/681/775 212/682/776
f 205/685/777 204/679/778 212/682/779 213/686/780
f 206/652/781 205/653/782 213/654/783 214/655/784
f 207/658/785 206/652/786 214/655/787 215/659/788
f 208/688/789 207/689/790 215/690/791 216/691/792
f 201/694/793 208/688/794 216/691/795 209/695/796
f 210/646/797 209/645/798 217/647/799 218/648/800
f 211/650/801 210/646/802 218/648/803 219/651/804
f 212/682/805 211/681/806 219/683/807 220/684/808
f 213/686/809 212/682/810 220/684/811 221/687/812
f 214/655/813 213/654/814 221/656/815 222/657/816
f 215/659/817 214/655/818 222/657/819 223/660/820
f 216/691/821 215/690/822 223/692/823 224/693/824
f 209/695/825 216/691/826 224/693/827 217/696/828
f 218/609/829 217/610/830 225/611/831 226/612/832
f 219/615/833 218/609/834 226/612/835 227/616/836
f 220/619/837 219/615/838 227/616/839 228/620/840
f 221/623/841 220/619/842 228/620/843 229/624/844
f 222/621/845 221/623/846 229/624/847 230/622/848
f 223/617/849 222/621/850 230/622/851 231/618/852
f 224/613/853 223/617/854 231/618/855 232/614/856
f 217/610/857 224/613/858 232/614/859 225/611/860
f 226/629/861 225/630/862 185/626/863 186/625/864
f 227/633/865 226/629/866 186/625/867 187/631/868
f 228/665/869 227/666/870 187/662/871 188/661/872
f 229/669/873 228/665/874 188/661/875 189/667/876
f 230/638/877 229/639/878 189/635/879 190/634/880
f 231/642/881 230/638/882 190/634/883 191/640/884
f 232/674/885 231/675/886 191/671/887 192/670/888
f 225/678/889 232/674/890 192/670/891 185/676/892
f 233/1203/893 234/1204/894 240/1205/895 239/1206/896
f 234/1041/897 235/1042/898 241/1043/899 240/1044/900
f 235/1042/901 236/1045/902 242/1046/903 241/1043/904
f 236/1207/905 237/1208/906 243/1209/907 242/1210/908
f 237/1047/909 238/1048/910 244/1049/911 243/1050/912
f 238/1048/913 233/1051/914 239/1052/915 244/1049/916
s 5
f 234/1137/917 233/1138/918 245/1139/919
f 235/1141/920 234/1137/917 245/1139/919
f 236/1143/921 235/1141/920 245/1139/919
f 237/1142/922 236/1143/921 245/1139/919
f 238/1140/923 237/1142/922 245/1139/919
f 233/1138/918 238/1140/923 245/1139/919
s 6
f 239/1144/924 240/1145/925 246/1146/926
f 240/1145/925 241/1147/927 246/1146/926
f 241/1147/927 242/1149/928 246/1146/926
f 242/1149/928 243/1150/929 246/1146/926
f 243/1150/929 244/1148/930 246/1146/926
f 244/1148/930 239/1144/924 246/1146/926
s off
f 247/1/931 248/2/932 254/3/933 253/4/934
f 248/2/935 249/5/936 255/102/937 254/3/938
f 249/105/939 250/7/940 256/8/941 255/6/942
f 250/7/943 251/9/944 257/10/945 256/8/946
f 251/9/947 252/11/948 258/12/949 257/10/950
f 252/11/951 247/1/952 253/4/953 258/12/954
s 7
f 269/13/955 268/14/956 267/103/957 270/16/958
f 266/17/959 265/18/960 270/16/958 267/15/957
s 8
f 291/19/961 292/20/962 293/21/963 294/22/964
f 291/99/961 294/22/964 289/23/965 290/24/966
s off
f 248/2/967 247/1/968 259/25/969 260/26/970
f 249/5/971 248/2/972 260/26/973 261/27/974
f 250/7/975 249/105/976 261/104/977 262/28/978
f 251/9/979 250/7/980 262/28/981 263/29/982
f 252/11/983 251/9/984 263/29/985 264/30/986
f 247/1/987 252/11/988 264/30/989 259/25/990
f 260/26/991 259/25/992 265/18/993 266/17/994
f 261/27/995 260/26/996 266/17/997 267/15/998
f 262/28/999 261/104/1000 267/103/1001 268/14/1002
f 263/29/1003 262/28/1004 268/14/1005 269/13/1006
f 264/30/1007 263/29/1008 269/13/1009 270/16/1010
f 259/25/1011 264/30/1012 270/16/1013 265/18/1014
f 253/4/1015 254/3/1016 272/31/1017 271/32/1018
f 254/3/1019 255/102/1020 273/101/1021 272/31/1022
f 255/6/1023 256/8/1024 274/34/1025 273/33/1026
f 256/8/1027 257/10/1028 275/35/1029 274/34/1030
f 257/10/1031 258/12/1032 276/36/1033 275/35/1034
f 258/12/1035 253/4/1036 271/32/1037 276/36/1038
f 271/32/1039 272/31/1040 278/37/1041 277/38/1042
f 272/31/1043 273/101/1044 279/100/1045 278/37/1046
f 273/33/1047 274/34/1048 280/40/1049 279/39/1050
f 274/34/1051 275/35/1052 281/41/1053 280/40/1054
f 275/35/1055 276/36/1056 282/42/1057 281/41/1058
f 276/36/1059 271/32/1060 277/38/1061 282/42/1062
s 9
f 277/38/1063 278/37/1064 331/43/1065 332/44/1066
s 10
f 278/37/1067 279/100/1068 336/45/1069 331/43/1070
s 11
f 279/39/1071 280/40/1072 335/46/1073 336/91/1074
s 12
f 280/40/1075 281/41/1076 334/47/1077 335/46/1078
s 13
f 281/41/1079 282/42/1080 333/48/1081 334/47/1082
s 14
f 282/42/1083 277/38/1084 332/44/1085 333/48/1086
s off
f 283/49/1087 284/50/1088 290/24/1089 289/23/1090
f 284/50/1091 285/51/1092 291/99/1093 290/24/1094
f 285/98/1095 286/52/1096 292/20/1097 291/19/1098
f 286/52/1099 287/53/1100 293/21/1101 292/20/1102
f 287/53/1103 288/54/1104 294/22/1105 293/21/1106
f 288/54/1107 283/49/1108 289/23/1109 294/22/1110
s 12
f 296/55/1111 295/56/1112 324/57/1113 319/58/1114
s 11
f 297/94/1115 296/55/1116 319/58/1117 320/95/1118
s 10
f 298/61/1119 297/59/1120 320/60/1121 321/62/1122
s 9
f 299/63/1123 298/61/1124 321/62/1125 322/64/1126
s 14
f 300/65/1127 299/63/1128 322/64/1129 323/66/1130
s 13
f 295/56/1131 300/65/1132 323/66/1133 324/57/1134
s 11
f 302/92/1135 301/68/1136 326/69/1137 327/93/1138
s 10
f 303/71/1139 302/67/1140 327/70/1141 328/72/1142
s 9
f 304/73/1143 303/71/1144 328/72/1145 329/74/1146
s 14
f 305/75/1147 304/73/1148 329/74/1149 330/76/1150
s 13
f 306/77/1151 305/75/1152 330/76/1153 325/78/1154
s 12
f 301/68/1155 306/77/1156 325/78/1157 326/69/1158
s 11
f 308/96/1159 307/80/1160 314/81/1161 315/97/1162
s 10
f 309/83/1163 308/79/1164 315/82/1165 316/84/1166
s 9
f 310/85/1167 309/83/1168 316/84/1169 317/86/1170
s 14
f 311/87/1171 310/85/1172 317/86/1173 318/88/1174
s 13
f 312/89/1175 311/87/1176 318/88/1177 313/90/1178
s 12
f 307/80/1179 312/89/1180 313/90/1181 314/81/1182
f 314/81/1182 313/90/1181 287/53/1183 286/52/1184
s 11
f 315/97/1162 314/81/1161 286/52/1185 285/98/1186
s 10
f 316/84/1166 315/82/1165 285/51/1187 284/50/1188
s 9
f 317/86/1170 316/84/1169 284/50/1189 283/49/1190
s 14
f 318/88/1174 317/86/1173 283/49/1191 288/54/1192
s 13
f 313/90/1178 318/88/1177 288/54/1193 287/53/1194
s 11
f 320/95/1118 319/58/1117 307/80/1160 308/96/1159
s 10
f 321/62/1122 320/60/1121 308/79/1164 309/83/1163
s 9
f 322/64/1126 321/62/1125 309/83/1168 310/85/1167
s 14
f 323/66/1130 322/64/1129 310/85/1172 311/87/1171
s 13
f 324/57/1134 323/66/1133 311/87/1176 312/89/1175
s 12
f 319/58/1114 324/57/1113 312/89/1180 307/80/1179
f 326/69/1158 325/78/1157 295/56/1112 296/55/1111
s 11
f 327/93/1138 326/69/1137 296/55/1116 297/94/1115
s 10
f 328/72/1142 327/70/1141 297/59/1120 298/61/1119
s 9
f 329/74/1146 328/72/1145 298/61/1124 299/63/1123
s 14
f 330/76/1150 329/74/1149 299/63/1128 300/65/1127
s 13
f 325/78/1154 330/76/1153 300/65/1132 295/56/1131
s 9
f 332/44/1066 331/43/1065 303/71/1144 304/73/1143
s 14
f 333/48/1086 332/44/1085 304/73/1148 305/75/1147
s 13
f 334/47/1082 333/48/1081 305/75/1152 306/77/1151
s 12
f 335/46/1078 334/47/1077 306/77/1156 301/68/1155
s 11
f 336/91/1074 335/46/1073 301/68/1136 302/92/1135
s 10
f 331/43/1070 336/45/1069 302/67/1140 303/71/1139
s 21
f 337/1296/1195 338/1297/1196 344/1298/1197 343/1299/1198
s 22
f 338/1235/1199 339/1236/1200 345/1237/1201 344/1238/1202
s 23
f 339/1236/1203 340/1239/1204 346/1240/1205 345/1237/1206
s 24
f 340/1316/1207 341/1317/1208 347/1318/1209 346/1319/1210
s 25
f 341/373/1211 342/374/1212 348/375/1213 347/376/1214
s 26
f 342/374/1215 337/377/1216 343/378/1217 348/375/1218
s 21
f 343/1299/1198 344/1298/1197 350/1300/1219 349/1301/1220
s 22
f 344/1238/1202 345/1237/1201 351/1241/1221 350/1242/1222
s 23
f 345/1237/1206 346/1240/1205 352/1243/1223 351/1241/1224
s 24
f 346/1319/1210 347/1318/1209 353/1320/1225 352/1321/1226
s 25
f 347/376/1214 348/375/1213 354/379/1227 353/380/1228
s 26
f 348/375/1218 343/378/1217 349/381/1229 354/379/1230
s 21
f 349/1301/1220 350/1300/1219 356/1302/1231 355/1303/1232
s 22
f 350/1242/1222 351/1241/1221 357/1244/1233 356/1245/1234
s 23
f 351/1241/1224 352/1243/1223 358/1246/1235 357/1244/1236
s 24
f 352/1321/1226 353/1320/1225 359/1322/1237 358/1323/1238
s 25
f 353/380/1228 354/379/1227 360/382/1239 359/383/1240
s 26
f 354/379/1230 349/381/1229 355/384/1241 360/382/1242
s 21
f 355/1303/1232 356/1302/1231 362/1304/1243 361/1305/1244
s 22
f 356/1400/1234 357/1401/1233 363/1402/1245 362/1403/1246
s 23
f 357/1401/1236 358/1404/1235 364/1405/1247 363/1402/1248
s 24
f 358/1323/1238 359/1322/1237 365/1324/1249 364/1325/1250
s 25
f 359/432/1240 360/433/1239 366/434/1251 365/435/1252
s 26
f 360/433/1242 355/436/1241 361/437/1253 366/434/1254
s 21
f 361/1305/1244 362/1304/1243 368/1306/1255 367/1307/1256
s 22
f 362/1403/1246 363/1402/1245 369/1406/1257 368/1407/1258
s 23
f 363/1255/1248 364/1256/1247 370/1251/1259 369/1248/1260
s 24
f 364/1325/1250 365/1324/1249 371/1326/1261 370/1327/1262
s 25
f 365/435/1252 366/434/1251 372/438/1263 371/439/1264
s 26
f 366/393/1254 361/394/1253 367/389/1265 372/386/1266
s 21
f 367/1307/1256 368/1306/1255 374/1308/1267 373/1309/1268
s 22
f 368/1247/1258 369/1248/1257 375/1249/1269 374/1250/1270
s 23
f 369/1248/1260 370/1251/1259 376/1252/1271 375/1249/1272
s 24
f 370/1327/1262 371/1326/1261 377/1328/1273 376/1329/1274
s 25
f 371/385/1264 372/386/1263 378/387/1275 377/388/1276
s 26
f 372/386/1266 367/389/1265 373/390/1277 378/387/1278
s 21
f 373/1309/1268 374/1308/1267 380/1310/1279 379/1311/1280
s 22
f 374/1250/1270 375/1249/1269 381/1253/1281 380/1254/1282
s 23
f 375/1249/1272 376/1252/1271 382/1257/1283 381/1253/1284
s 24
f 376/1329/1274 377/1328/1273 383/1330/1285 382/1331/1286
s 25
f 377/388/1276 378/387/1275 384/391/1287 383/392/1288
s 26
f 378/387/1278 373/390/1277 379/395/1289 384/391/1290
s 21
f 379/1311/1280 380/1310/1279 386/1312/1291 385/1313/1292
s 22
f 380/1254/1282 381/1253/1281 387/1258/1293 386/1259/1294
s 23
f 381/1408/1284 382/1409/1283 388/1410/1295 387/1411/1296
s 24
f 382/1331/1286 383/1330/1285 389/1332/1297 388/1333/1298
s 25
f 383/440/1288 384/441/1287 390/442/1299 389/443/1300
s 26
f 384/441/1290 379/444/1289 385/445/1301 390/442/1302
s 21
f 385/1313/1292 386/1312/1291 392/1314/1303 391/1315/1304
s 22
f 386/1414/1294 387/1411/1293 393/1413/1305 392/1415/1306
s 23
f 387/1411/1296 388/1410/1295 394/1412/1307 393/1413/1308
s 24
f 388/1333/1298 389/1332/1297 395/1334/1309 394/1335/1310
s 25
f 389/443/1300 390/442/1299 396/446/1311 395/447/1312
s 26
f 390/442/1302 385/445/1301 391/448/1313 396/446/1314
s 21
f 391/1336/1304 392/1337/1303 398/1338/1315 397/1339/1316
s 22
f 392/1264/1306 393/1265/1305 399/1261/1317 398/1260/1318
s 23
f 393/1265/1308 394/1270/1307 400/1266/1319 399/1261/1320
s 24
f 394/1356/1310 395/1357/1309 401/1358/1321 400/1359/1322
s 25
f 395/400/1312 396/401/1311 402/397/1323 401/396/1324
s 26
f 396/401/1314 391/406/1313 397/402/1325 402/397/1326
s 21
f 397/1339/1316 398/1338/1315 404/1340/1327 403/1341/1328
s 22
f 398/1260/1318 399/1261/1317 405/1262/1329 404/1263/1330
s 23
f 399/1261/1320 400/1266/1319 406/1267/1331 405/1262/1332
s 24
f 400/1359/1322 401/1358/1321 407/1360/1333 406/1361/1334
s 25
f 401/396/1324 402/397/1323 408/398/1335 407/399/1336
s 26
f 402/397/1326 397/402/1325 403/403/1337 408/398/1338
s 21
f 403/1341/1328 404/1340/1327 410/1342/1339 409/1343/1340
s 22
f 404/1263/1330 405/1262/1329 411/1268/1341 410/1269/1342
s 23
f 405/1262/1332 406/1267/1331 412/1271/1343 411/1268/1344
s 24
f 406/1361/1334 407/1360/1333 413/1362/1345 412/1363/1346
s 25
f 407/399/1336 408/398/1335 414/404/1347 413/405/1348
s 26
f 408/398/1338 403/403/1337 409/407/1349 414/404/1350
s 21
f 409/1343/1340 410/1342/1339 416/1344/1351 415/1345/1352
s 22
f 410/1416/1342 411/1417/1341 417/1418/1353 416/1419/1354
s 23
f 411/1417/1344 412/1420/1343 418/1421/1355 417/1418/1356
s 24
f 412/1363/1346 413/1362/1345 419/1364/1357 418/1365/1358
s 25
f 413/449/1348 414/450/1347 420/451/1359 419/452/1360
s 26
f 414/450/1350 409/453/1349 415/454/1361 420/451/1362
s 21
f 415/1345/1352 416/1344/1351 422/1346/1363 421/1347/1364
s 22
f 416/1419/1354 417/1418/1353 423/1422/1365 422/1423/1366
s 23
f 417/1418/1356 418/1421/1355 424/1424/1367 423/1422/1368
s 24
f 418/1365/1358 419/1364/1357 425/1366/1369 424/1367/1370
s 25
f 419/452/1360 420/451/1359 426/455/1371 425/456/1372
s 26
f 420/451/1362 415/454/1361 421/457/1373 426/455/1374
s 21
f 421/1347/1364 422/1346/1363 428/1348/1375 427/1349/1376
s 22
f 422/1276/1366 423/1277/1365 429/1273/1377 428/1272/1378
s 23
f 423/1277/1368 424/1282/1367 430/1278/1379 429/1273/1380
s 24
f 424/106/1370 425/107/1369 431/109/1381 430/108/1382
s 25
f 425/412/1372 426/413/1371 432/409/1383 431/408/1384
s 26
f 426/413/1374 421/418/1373 427/414/1385 432/409/1386
s 21
f 427/1349/1376 428/1348/1375 434/1350/1387 433/1351/1388
s 22
f 428/1272/1378 429/1273/1377 435/1274/1389 434/1275/1390
s 23
f 429/1273/1380 430/1278/1379 436/1279/1391 435/1274/1392
s 24
f 430/108/1382 431/109/1381 437/111/1393 436/110/1394
s 25
f 431/408/1384 432/409/1383 438/410/1395 437/411/1396
s 26
f 432/409/1386 427/414/1385 433/415/1397 438/410/1398
s 21
f 433/1351/1388 434/1350/1387 440/1352/1399 439/1353/1400
s 22
f 434/1275/1390 435/1274/1389 441/1280/1401 440/1281/1402
s 23
f 435/1274/1392 436/1279/1391 442/1283/1403 441/1280/1404
s 24
f 436/1368/1394 437/1369/1393 443/1370/1405 442/1371/1406
s 25
f 437/411/1396 438/410/1395 444/416/1407 443/417/1408
s 26
f 438/410/1398 433/415/1397 439/419/1409 444/416/1410
s 21
f 439/1353/1400 440/1352/1399 446/1354/1411 445/1355/1412
s 22
f 440/1425/1402 441/1426/1401 447/1427/1413 446/1428/1414
s 23
f 441/1426/1404 442/1429/1403 448/1430/1415 447/1427/1416
s 24
f 442/1371/1406 443/1370/1405 449/1372/1417 448/1373/1418
s 25
f 443/458/1408 444/459/1407 450/460/1419 449/461/1420
s 26
f 444/459/1410 439/462/1409 445/463/1421 450/460/1422
s 21
f 445/1386/1412 446/1387/1411 452/1388/1423 451/1389/1424
s 22
f 446/1428/1414 447/1427/1413 453/1431/1425 452/1432/1426
s 23
f 447/1427/1416 448/1430/1415 454/1433/1427 453/1431/1428
s 24
f 448/1373/1418 449/1372/1417 455/1374/1429 454/1375/1430
s 25
f 449/461/1420 450/460/1419 456/464/1431 455/465/1432
s 26
f 450/460/1422 445/463/1421 451/466/1433 456/464/1434
s 21
f 451/1389/1424 452/1388/1423 458/1390/1435 457/1391/1436
s 22
f 452/1290/1426 453/1284/1425 459/1287/1437 458/1291/1438
s 23
f 453/1284/1428 454/1285/1427 460/1286/1439 459/1287/1440
s 24
f 454/1375/1430 455/1374/1429 461/1376/1441 460/1377/1442
s 25
f 455/420/1432 456/421/1431 462/422/1443 461/423/1444
s 26
f 456/421/1434 451/424/1433 457/425/1445 462/422/1446
s 21
f 457/1391/1436 458/1390/1435 464/1392/1447 463/1393/1448
s 22
f 458/1291/1438 459/1287/1437 465/1289/1449 464/1294/1450
s 23
f 459/1287/1440 460/1286/1439 466/1288/1451 465/1289/1452
s 24
f 460/1377/1442 461/1376/1441 467/1378/1453 466/1379/1454
s 25
f 461/423/1444 462/422/1443 468/426/1455 467/427/1456
s 26
f 462/422/1446 457/425/1445 463/428/1457 468/426/1458
s 21
f 463/1393/1448 464/1392/1447 470/1394/1459 469/1395/1460
s 22
f 464/1294/1450 465/1289/1449 471/1293/1461 470/1295/1462
s 23
f 465/1289/1452 466/1288/1451 472/1292/1463 471/1293/1464
s 24
f 466/1379/1454 467/1378/1453 473/1380/1465 472/1381/1466
s 25
f 467/427/1456 468/426/1455 474/429/1467 473/430/1468
s 26
f 468/426/1458 463/428/1457 469/431/1469 474/429/1470
s 21
f 469/1395/1460 470/1394/1459 476/1396/1471 475/1397/1472
s 22
f 470/1434/1462 471/1435/1461 477/1436/1473 476/1437/1474
s 23
f 471/1435/1464 472/1438/1463 478/1439/1475 477/1436/1476
s 24
f 472/1381/1466 473/1380/1465 479/1382/1477 478/1383/1478
s 25
f 473/467/1468 474/468/1467 480/469/1479 479/470/1480
s 26
f 474/468/1470 469/471/1469 475/472/1481 480/469/1482
s 21
f 475/1397/1472 476/1396/1471 482/1398/1483 481/1399/1484
s 22
f 476/1437/1474 477/1436/1473 483/1440/1485 482/1441/1486
s 23
f 477/1436/1476 478/1439/1475 484/1442/1487 483/1440/1488
s 24
f 478/1383/1478 479/1382/1477 485/1384/1489 484/1385/1490
s 25
f 479/470/1480 480/469/1479 486/473/1491 485/474/1492
s 26
f 480/469/1482 475/472/1481 481/475/1493 486/473/1494
s 27
f 337/476/1495 342/477/1496 339/480/1497 338/481/1498
s 28
f 485/486/1499 803/488/1500 484/485/1501
s off
f 503/1444/1502 504/1447/1503 505/1448/1504 506/1445/1505
f 504/1451/1506 507/1452/1507 508/1453/1508 505/1454/1509
f 507/112/1510 509/114/1511 510/115/1512 508/113/1513
f 509/114/1514 511/116/1515 512/210/1516 510/115/1517
f 511/1459/1518 513/1455/1519 514/1458/1520 512/1460/1521
f 513/1455/1522 515/1456/1523 516/1457/1524 514/1458/1525
f 515/1449/1526 517/1443/1527 518/1446/1528 516/1450/1529
f 517/1443/1530 503/1444/1531 506/1445/1532 518/1446/1533
s 29
f 552/199/1534 557/118/1535 556/119/1536 553/120/1537
s 30
f 564/121/1538 561/122/1539 562/123/1540 563/124/1541
s off
f 519/214/1542 520/126/1543 521/127/1544 522/128/1545
f 536/129/1546 535/211/1547 537/212/1548 538/132/1549
f 520/126/1550 523/133/1551 524/134/1552 521/127/1553
f 539/135/1554 536/129/1555 538/132/1556 540/136/1557
f 523/133/1558 525/137/1559 526/138/1560 524/134/1561
f 541/139/1562 539/135/1563 540/136/1564 542/140/1565
f 525/137/1566 527/141/1567 528/213/1568 526/138/1569
f 543/143/1570 541/139/1571 542/140/1572 544/144/1573
f 527/141/1574 529/145/1575 530/146/1576 528/142/1577
f 545/147/1578 543/143/1579 544/209/1580 546/148/1581
f 529/145/1582 531/149/1583 532/150/1584 530/146/1585
f 547/151/1586 545/147/1587 546/148/1588 548/152/1589
f 531/149/1590 533/153/1591 534/154/1592 532/150/1593
f 549/155/1594 547/151/1595 548/152/1596 550/156/1597
f 533/153/1598 519/125/1599 522/215/1600 534/154/1601
f 535/130/1602 549/155/1603 550/156/1604 537/131/1605
f 487/207/1606 488/158/1607 520/126/1608 519/214/1609
f 504//1610 503//1611 522//1612 521//1613
f 488/158/1614 489/159/1615 523/133/1616 520/126/1617
f 507//1618 504//1619 521//1620 524//1621
f 489/159/1622 490/161/1623 525/137/1624 523/133/1625
f 509//1626 507//1627 524//1628 526//1629
f 490/161/1630 491/162/1631 527/141/1632 525/137/1633
f 511//1634 509//1635 526//1636 528//1637
f 491/162/1638 492/163/1639 529/145/1640 527/141/1641
f 513//1642 511//1643 528//1644 530//1645
f 492/163/1646 493/164/1647 531/149/1648 529/145/1649
f 515//1650 513//1651 530//1652 532//1653
f 493/164/1654 494/165/1655 533/153/1656 531/149/1657
f 517//1658 515//1659 532//1660 534//1661
f 494/165/1662 487/157/1663 519/125/1664 533/153/1665
f 503//1666 517//1667 534//1668 522//1669
f 496/166/1670 495/167/1671 535/211/1672 536/129/1673
f 506//1674 505//1675 538//1676 537//1677
f 497/168/1678 496/166/1679 536/129/1680 539/135/1681
f 505//1682 508//1683 540//1684 538//1685
f 498/169/1686 497/168/1687 539/135/1688 541/139/1689
f 508//1690 510//1691 542//1692 540//1693
f 499/170/1694 498/169/1695 541/139/1696 543/143/1697
f 510//1698 512//1699 544//1700 542//1701
f 500/171/1702 499/170/1703 543/143/1704 545/147/1705
f 512//1706 514//1707 546//1708 544//1709
f 501/172/1710 500/171/1711 545/147/1712 547/151/1713
f 514//1714 516//1715 548//1716 546//1717
f 502/174/1718 501/172/1719 547/151/1720 549/155/1721
f 516//1722 518//1723 550//1724 548//1725
f 495/204/1726 502/174/1727 549/155/1728 535/130/1729
f 518//1730 506//1731 537//1732 550//1733
f 488/158/1734 487/207/1735 551/208/1736 568/182/1737 552/183/1738
f 489/159/1739 488/158/1740 552/183/1741 553/184/1742
f 490/161/1743 489/159/1744 553/184/1745 567/185/1746 554/186/1747
f 491/162/1748 490/161/1749 554/186/1750 555/187/1751
f 492/163/1752 491/162/1753 555/206/1754 556/188/1755
f 493/164/1756 492/163/1757 556/188/1758 557/189/1759
f 494/165/1760 493/164/1761 557/189/1762 558/190/1763
f 487/157/1764 494/165/1765 558/190/1766 551/175/1767
f 495/167/1768 496/166/1769 560/192/1770 559/193/1771
f 496/166/1772 497/168/1773 561/194/1774 560/192/1775
f 497/168/1776 498/169/1777 562/195/1778 561/194/1779
f 498/169/1780 499/170/1781 563/203/1782 562/195/1783
f 499/170/1784 500/171/1785 564/197/1786 563/196/1787
f 500/171/1788 501/172/1789 565/201/1790 564/197/1791
f 501/172/1792 502/174/1793 566/202/1794 565/201/1795
f 502/174/1796 495/204/1797 559/205/1798 566/202/1799
s 30
f 566/180/1800 559/178/1801 560/200/1802 565/179/1803
f 565/179/1803 560/177/1802 561/122/1539 564/121/1538
s 29
f 553/120/1537 556/119/1536 555/191/1804 554/181/1805 567/176/1806
f 568/173/1807 551/160/1808 558/198/1809 557/118/1535 552/117/1534
s off
f 570/937/1810 569/938/1811 577/939/1812 578/940/1813
f 571/943/1814 570/937/1815 578/940/1816 579/944/1817
f 572/973/1818 571/974/1819 579/975/1820 580/976/1821
f 573/979/1822 572/973/1823 580/976/1824 581/980/1825
f 574/946/1826 573/947/1827 581/948/1828 582/949/1829
f 575/952/1830 574/946/1831 582/949/1832 583/953/1833
f 576/982/1834 575/983/1835 583/984/1836 584/985/1837
f 569/988/1838 576/982/1839 584/985/1840 577/989/1841
f 578/905/1842 577/906/1843 585/907/1844 586/908/1845
f 579/911/1846 578/905/1847 586/908/1848 587/912/1849
f 580/915/1850 579/911/1851 587/912/1852 588/916/1853
f 581/919/1854 580/915/1855 588/916/1856 589/920/1857
f 582/917/1858 581/919/1859 589/920/1860 590/918/1861
f 583/913/1862 582/917/1863 590/918/1864 591/914/1865
f 584/909/1866 583/913/1867 591/914/1868 592/910/1869
f 577/906/1870 584/909/1871 592/910/1872 585/907/1873
f 586/955/1874 585/956/1875 593/957/1876 594/958/1877
f 587/961/1878 586/955/1879 594/958/1880 595/962/1881
f 588/991/1882 587/992/1883 595/993/1884 596/994/1885
f 589/997/1886 588/991/1887 596/994/1888 597/998/1889
f 590/964/1890 589/965/1891 597/966/1892 598/967/1893
f 591/970/1894 590/964/1895 598/967/1896 599/971/1897
f 592/1000/1898 591/1001/1899 599/1002/1900 600/1003/1901
f 585/1006/1902 592/1000/1903 600/1003/1904 593/1007/1905
f 594/958/1906 593/957/1907 601/959/1908 602/960/1909
f 595/962/1910 594/958/1911 602/960/1912 603/963/1913
f 596/994/1914 595/993/1915 603/995/1916 604/996/1917
f 597/998/1918 596/994/1919 604/996/1920 605/999/1921
f 598/967/1922 597/966/1923 605/968/1924 606/969/1925
f 599/971/1926 598/967/1927 606/969/1928 607/972/1929
f 600/1003/1930 599/1002/1931 607/1004/1932 608/1005/1933
f 593/1007/1934 600/1003/1935 608/1005/1936 601/1008/1937
f 602/921/1938 601/922/1939 609/923/1940 610/924/1941
f 603/927/1942 602/921/1943 610/924/1944 611/928/1945
f 604/931/1946 603/927/1947 611/928/1948 612/932/1949
f 605/935/1950 604/931/1951 612/932/1952 613/936/1953
f 606/933/1954 605/935/1955 613/936/1956 614/934/1957
f 607/929/1958 606/933/1959 614/934/1960 615/930/1961
f 608/925/1962 607/929/1963 615/930/1964 616/926/1965
f 601/922/1966 608/925/1967 616/926/1968 609/923/1969
f 610/941/1970 609/942/1971 569/938/1972 570/937/1973
f 611/945/1974 610/941/1975 570/937/1976 571/943/1977
f 612/977/1978 611/978/1979 571/974/1980 572/973/1981
f 613/981/1982 612/977/1983 572/973/1984 573/979/1985
f 614/950/1986 613/951/1987 573/947/1988 574/946/1989
f 615/954/1990 614/950/1991 574/946/1992 575/952/1993
f 616/986/1994 615/987/1995 575/983/1996 576/982/1997
f 609/990/1998 616/986/1999 576/982/2000 569/988/2001
f 618/1151/2002 617/1152/2003 625/1153/2004 626/1154/2005
f 619/1157/2006 618/1151/2007 626/1154/2008 627/1158/2009
f 620/1070/2010 619/1071/2011 627/1059/2012 628/1065/2013
f 621/1074/2014 620/1070/2015 628/1065/2016 629/1072/2017
f 622/1160/2018 621/1161/2019 629/1162/2020 630/1163/2021
f 623/1166/2022 622/1160/2023 630/1163/2024 631/1167/2025
f 624/1211/2026 623/1212/2027 631/1213/2028 632/1214/2029
f 617/1215/2030 624/1211/2031 632/1214/2032 625/1216/2033
f 626/1053/2034 625/1054/2035 633/1055/2036 634/1056/2037
f 627/1059/2038 626/1053/2039 634/1056/2040 635/1060/2041
f 628/1065/2042 627/1059/2043 635/1060/2044 636/1066/2045
f 629/1072/2046 628/1065/2047 636/1066/2048 637/1073/2049
f 630/1067/2050 629/1072/2051 637/1073/2052 638/1068/2053
f 631/1061/2054 630/1067/2055 638/1068/2056 639/1062/2057
f 632/1057/2058 631/1061/2059 639/1062/2060 640/1058/2061
f 625/1054/2062 632/1057/2063 640/1058/2064 633/1055/2065
f 634/1169/2066 633/1170/2067 641/1171/2068 642/1172/2069
f 635/1175/2070 634/1169/2071 642/1172/2072 643/1176/2073
f 636/1217/2074 635/1218/2075 643/1219/2076 644/1220/2077
f 637/1221/2078 636/1217/2079 644/1220/2080 645/1222/2081
f 638/1178/2082 637/1179/2083 645/1180/2084 646/1181/2085
f 639/1184/2086 638/1178/2087 646/1181/2088 647/1185/2089
f 640/1058/2090 639/1062/2091 647/1069/2092 648/1063/2093
f 633/1055/2094 640/1058/2095 648/1063/2096 641/1064/2097
f 642/1172/2098 641/1171/2099 649/1173/2100 650/1174/2101
f 643/1176/2102 642/1172/2103 650/1174/2104 651/1177/2105
f 644/1092/2106 643/1093/2107 651/1081/2108 652/1087/2109
f 645/1096/2110 644/1092/2111 652/1087/2112 653/1094/2113
f 646/1181/2114 645/1180/2115 653/1182/2116 654/1183/2117
f 647/1185/2118 646/1181/2119 654/1183/2120 655/1186/2121
f 648/1223/2122 647/1224/2123 655/1225/2124 656/1226/2125
f 641/1227/2126 648/1223/2127 656/1226/2128 649/1228/2129
f 650/1075/2130 649/1076/2131 657/1077/2132 658/1078/2133
f 651/1081/2134 650/1075/2135 658/1078/2136 659/1082/2137
f 652/1087/2138 651/1081/2139 659/1082/2140 660/1088/2141
f 653/1094/2142 652/1087/2143 660/1088/2144 661/1095/2145
f 654/1089/2146 653/1094/2147 661/1095/2148 662/1090/2149
f 655/1083/2150 654/1089/2151 662/1090/2152 663/1084/2153
f 656/1079/2154 655/1083/2155 663/1084/2156 664/1080/2157
f 649/1076/2158 656/1079/2159 664/1080/2160 657/1077/2161
f 658/1155/2162 657/1156/2163 617/1152/2164 618/1151/2165
f 659/1159/2166 658/1155/2167 618/1151/2168 619/1157/2169
f 660/1229/2170 659/1230/2171 619/1231/2172 620/1232/2173
f 661/1233/2174 660/1229/2175 620/1232/2176 621/1234/2177
f 662/1164/2178 661/1165/2179 621/1161/2180 622/1160/2181
f 663/1168/2182 662/1164/2183 622/1160/2184 623/1166/2185
f 664/1080/2186 663/1084/2187 623/1091/2188 624/1085/2189
f 657/1077/2190 664/1080/2191 624/1085/2192 617/1086/2193
s 31
f 689/216/2194 705/217/2195 721/355/2196 722/354/2197
f 721/218/2196 738/220/2198 754/221/2199 722/219/2197
f 754/221/2199 770/222/2200 786/223/2201 722/219/2197
f 786/223/2201 802/224/2202 689/216/2194 722/354/2197
s 32
f 672/225/2203 673/226/2204 669/371/2205 665/228/2206
f 669/227/2205 673/372/2204 670/229/2207 666/230/2208
f 670/229/2207 673/372/2204 671/231/2209 667/232/2210
f 671/231/2209 673/226/2204 672/225/2203 668/233/2211
s 33
f 672/225/2212 665/228/2213 690/234/2214 674/235/2215
f 674/235/2215 690/234/2214 691/236/2216 675/237/2217
f 675/237/2217 691/236/2216 692/238/2218 676/239/2219
f 676/239/2219 692/238/2218 693/240/2220 677/241/2221
f 677/241/2221 693/240/2220 694/242/2222 678/243/2223
f 678/243/2223 694/242/2222 695/244/2224 679/245/2225
f 679/245/2225 695/244/2224 696/246/2226 680/247/2227
f 680/247/2227 696/246/2226 697/248/2228 681/249/2229
f 681/249/2229 697/248/2228 698/250/2230 682/251/2231
f 682/251/2231 698/250/2230 699/252/2232 683/253/2233
f 683/253/2233 699/252/2232 700/254/2234 684/255/2235
f 684/255/2235 700/254/2234 701/256/2236 685/257/2237
f 685/257/2237 701/256/2236 702/258/2238 686/259/2239
f 686/259/2239 702/258/2238 703/260/2240 687/261/2241
f 687/261/2241 703/260/2240 704/262/2242 688/263/2243
f 688/263/2243 704/262/2242 705/217/2244 689/216/2245
s 34
f 665/228/2246 669/371/2247 706/370/2248 690/234/2249
f 690/234/2249 706/370/2248 707/369/2250 691/236/2251
f 691/236/2251 707/369/2250 708/368/2252 692/238/2253
f 692/238/2253 708/368/2252 709/367/2254 693/240/2255
f 693/240/2255 709/367/2254 710/366/2256 694/242/2257
f 694/242/2257 710/366/2256 711/365/2258 695/244/2259
f 695/244/2259 711/365/2258 712/364/2260 696/246/2261
f 696/246/2261 712/364/2260 713/363/2262 697/248/2263
f 697/248/2263 713/363/2262 714/362/2264 698/250/2265
f 698/250/2265 714/362/2264 715/361/2266 699/252/2267
f 699/252/2267 715/361/2266 716/360/2268 700/254/2269
f 700/254/2269 716/360/2268 717/359/2270 701/256/2271
f 701/256/2271 717/359/2270 718/358/2272 702/258/2273
f 702/258/2273 718/358/2272 719/357/2274 703/260/2275
f 703/260/2275 719/357/2274 720/356/2276 704/262/2277
f 704/262/2277 720/356/2276 721/355/2278 705/217/2279
s 35
f 669/227/2280 666/230/2281 723/279/2282 706/264/2283
f 706/264/2283 723/279/2282 724/280/2284 707/265/2285
f 707/265/2285 724/280/2284 725/281/2286 708/266/2287
f 708/266/2287 725/281/2286 726/282/2288 709/267/2289
f 709/267/2289 726/282/2288 727/283/2290 710/268/2291
f 710/268/2291 727/283/2290 728/284/2292 711/269/2293
f 711/269/2293 728/284/2292 729/285/2294 712/270/2295
f 712/270/2295 729/285/2294 730/286/2296 713/271/2297
f 713/271/2297 730/286/2296 731/287/2298 714/272/2299
f 714/272/2299 731/287/2298 732/288/2300 715/273/2301
f 715/273/2301 732/288/2300 733/289/2302 716/274/2303
f 716/274/2303 733/289/2302 734/290/2304 717/275/2305
f 717/275/2305 734/290/2304 735/291/2306 718/276/2307
f 718/276/2307 735/291/2306 736/292/2308 719/277/2309
f 719/277/2309 736/292/2308 737/293/2310 720/278/2311
f 720/278/2311 737/293/2310 738/220/2312 721/218/2313
s 36
f 666/230/2314 670/229/2315 739/294/2316 723/279/2317
f 723/279/2317 739/294/2316 740/295/2318 724/280/2319
f 724/280/2319 740/295/2318 741/296/2320 725/281/2321
f 725/281/2321 741/296/2320 742/297/2322 726/282/2323
f 726/282/2323 742/297/2322 743/298/2324 727/283/2325
f 727/283/2325 743/298/2324 744/299/2326 728/284/2327
f 728/284/2327 744/299/2326 745/300/2328 729/285/2329
f 729/285/2329 745/300/2328 746/301/2330 730/286/2331
f 730/286/2331 746/301/2330 747/302/2332 731/287/2333
f 731/287/2333 747/302/2332 748/303/2334 732/288/2335
f 732/288/2335 748/303/2334 749/304/2336 733/289/2337
f 733/289/2337 749/304/2336 750/305/2338 734/290/2339
f 734/290/2339 750/305/2338 751/306/2340 735/291/2341
f 735/291/2341 751/306/2340 752/307/2342 736/292/2343
f 736/292/2343 752/307/2342 753/308/2344 737/293/2345
f 737/293/2345 753/308/2344 754/221/2346 738/220/2347
s 37
f 670/229/2348 667/232/2349 755/309/2350 739/294/2351
f 739/294/2351 755/309/2350 756/310/2352 740/295/2353
f 740/295/2353 756/310/2352 757/311/2354 741/296/2355
f 741/296/2355 757/311/2354 758/312/2356 742/297/2357
f 742/297/2357 758/312/2356 759/313/2358 743/298/2359
f 743/298/2359 759/313/2358 760/314/2360 744/299/2361
f 744/299/2361 760/314/2360 761/315/2362 745/300/2363
f 745/300/2363 761/315/2362 762/316/2364 746/301/2365
f 746/301/2365 762/316/2364 763/317/2366 747/302/2367
f 747/302/2367 763/317/2366 764/318/2368 748/303/2369
f 748/303/2369 764/318/2368 765/319/2370 749/304/2371
f 749/304/2371 765/319/2370 766/320/2372 750/305/2373
f 750/305/2373 766/320/2372 767/321/2374 751/306/2375
f 751/306/2375 767/321/2374 768/322/2376 752/307/2377
f 752/307/2377 768/322/2376 769/323/2378 753/308/2379
f 753/308/2379 769/323/2378 770/222/2380 754/221/2381
s 38
f 667/232/2382 671/231/2383 771/324/2384 755/309/2385
f 755/309/2385 771/324/2384 772/325/2386 756/310/2387
f 756/310/2387 772/325/2386 773/326/2388 757/311/2389
f 757/311/2389 773/326/2388 774/327/2390 758/312/2391
f 758/312/2391 774/327/2390 775/328/2392 759/313/2393
f 759/313/2393 775/328/2392 776/329/2394 760/314/2395
f 760/314/2395 776/329/2394 777/330/2396 761/315/2397
f 761/315/2397 777/330/2396 778/331/2398 762/316/2399
f 762/316/2399 778/331/2398 779/332/2400 763/317/2401
f 763/317/2401 779/332/2400 780/333/2402 764/318/2403
f 764/318/2403 780/333/2402 781/334/2404 765/319/2405
f 765/319/2405 781/334/2404 782/335/2406 766/320/2407
f 766/320/2407 782/335/2406 783/336/2408 767/321/2409
f 767/321/2409 783/336/2408 784/337/2410 768/322/2411
f 768/322/2411 784/337/2410 785/338/2412 769/323/2413
f 769/323/2413 785/338/2412 786/223/2414 770/222/2415
s 39
f 671/231/2416 668/233/2417 787/339/2418 771/324/2419
f 771/324/2419 787/339/2418 788/340/2420 772/325/2421
f 772/325/2421 788/340/2420 789/341/2422 773/326/2423
f 773/326/2423 789/341/2422 790/342/2424 774/327/2425
f 774/327/2425 790/342/2424 791/343/2426 775/328/2427
f 775/328/2427 791/343/2426 792/344/2428 776/329/2429
f 776/329/2429 792/344/2428 793/345/2430 777/330/2431
f 777/330/2431 793/345/2430 794/346/2432 778/331/2433
f 778/331/2433 794/346/2432 795/347/2434 779/332/2435
f 779/332/2435 795/347/2434 796/348/2436 780/333/2437
f 780/333/2437 796/348/2436 797/349/2438 781/334/2439
f 781/334/2439 797/349/2438 798/350/2440 782/335/2441
f 782/335/2441 798/350/2440 799/351/2442 783/336/2443
f 783/336/2443 799/351/2442 800/352/2444 784/337/2445
f 784/337/2445 800/352/2444 801/353/2446 785/338/2447
f 785/338/2447 801/353/2446 802/224/2448 786/223/2449
s 40
f 668/233/2450 672/225/2451 674/235/2452 787/339/2453
f 787/339/2453 674/235/2452 675/237/2454 788/340/2455
f 788/340/2455 675/237/2454 676/239/2456 789/341/2457
f 789/341/2457 676/239/2456 677/241/2458 790/342/2459
f 790/342/2459 677/241/2458 678/243/2460 791/343/2461
f 791/343/2461 678/243/2460 679/245/2462 792/344/2463
f 792/344/2463 679/245/2462 680/247/2464 793/345/2465
f 793/345/2465 680/247/2464 681/249/2466 794/346/2467
f 794/346/2467 681/249/2466 682/251/2468 795/347/2469
f 795/347/2469 682/251/2468 683/253/2470 796/348/2471
f 796/348/2471 683/253/2470 684/255/2472 797/349/2473
f 797/349/2473 684/255/2472 685/257/2474 798/350/2475
f 798/350/2475 685/257/2474 686/259/2476 799/351/2477
f 799/351/2477 686/259/2476 687/261/2478 800/352/2479
f 800/352/2479 687/261/2478 688/263/2480 801/353/2481
f 801/353/2481 688/263/2480 689/216/2482 802/224/2483
s 27
f 339/480/1497 342/477/1496 341/478/2484 340/479/2485
s 28
f 481/482/2486 482/483/2487 803/488/1500
f 803/488/1500 482/483/2487 483/484/2488
f 803/488/1500 483/484/2488 484/485/1501
f 486/487/2489 803/488/1500 485/486/1499
f 481/482/2486 803/488/1500 486/487/2489
